<?xml version = '1.0' encoding = 'UTF-8'?>
<Diagram class="oracle.dbtools.crest.swingui.logical.DPVLogical" name="Logical" id="37A12F16-499D-6386-4D69-CE79A405E1DD">
<createdBy>amnah</createdBy>
<modifiedBy>amnah</modifiedBy>
<createdTime>2015-11-02 22:02:31 UTC</createdTime>
<autoRoute>false</autoRoute>
<boxInbox>false</boxInbox>
<showLegend>false</showLegend>
<showLabels>false</showLabels>
<showRelAttributes>true</showRelAttributes>
<gridEnabled>false</gridEnabled>
<showGrid>false</showGrid>
<diagramColor>-1</diagramColor>
<display>false</display>
<notation>2</notation>
<objectViews>
<OView class="oracle.dbtools.crest.swingui.logical.TVEntity" oid="08DC83D3-59A2-5BC7-C468-79876AEA87C5" otype="Entity" vid="3EB4D4EE-A5C7-876F-96E0-5AB8B6D336E7">
<hideElementsInCurrentOnly>false</hideElementsInCurrentOnly>
<bounds x="187" y="477" width="151" height="110"/>
</OView>
<OView class="oracle.dbtools.crest.swingui.logical.TVEntity" oid="307C2D3C-7D4F-6282-9B08-A7228DAB2F93" otype="Entity" vid="0C8FDA9D-0740-3A89-9A07-1F0A9135BEA2">
<hideElementsInCurrentOnly>false</hideElementsInCurrentOnly>
<bounds x="562" y="36" width="170" height="110"/>
</OView>
<OView class="oracle.dbtools.crest.swingui.logical.TVEntity" oid="397D4870-A1CA-D65B-1BFD-3B9CB748BA6A" otype="Entity" vid="04D2B6D6-AE2E-82DE-F17F-02D4F0FA78AA">
<hideElementsInCurrentOnly>false</hideElementsInCurrentOnly>
<bounds x="2" y="351" width="170" height="110"/>
</OView>
<OView class="oracle.dbtools.crest.swingui.logical.TVEntity" oid="3AB283AB-66E7-DCA9-438A-1FEF7CA7C14F" otype="Entity" vid="8AE15C8E-6E91-FB08-820D-84602D35D596">
<hideElementsInCurrentOnly>false</hideElementsInCurrentOnly>
<bounds x="189" y="350" width="170" height="110"/>
</OView>
<OView class="oracle.dbtools.crest.swingui.logical.TVEntity" oid="44503FD7-E448-1720-B351-C45E2F38AA3D" otype="Entity" vid="85FD3DDA-6FD9-02DC-4165-001908FCB2F0">
<hideElementsInCurrentOnly>false</hideElementsInCurrentOnly>
<bounds x="18" y="18" width="256" height="276"/>
</OView>
<OView class="oracle.dbtools.crest.swingui.logical.TVEntity" oid="4926D5C8-0FDE-A192-2B51-729CE5BB61C3" otype="Entity" vid="6188F845-3C7D-6DE3-37B7-933337FCD2B2">
<hideElementsInCurrentOnly>false</hideElementsInCurrentOnly>
<bounds x="847" y="515" width="195" height="110"/>
</OView>
<OView class="oracle.dbtools.crest.swingui.logical.TVEntity" oid="4FA7A0F8-AA00-D06D-3355-5FA1A6F3CEB1" otype="Entity" vid="0891E2AC-23EA-A246-A974-BAC81BC04656">
<hideElementsInCurrentOnly>false</hideElementsInCurrentOnly>
<bounds x="850" y="30" width="170" height="110"/>
</OView>
<OView class="oracle.dbtools.crest.swingui.logical.TVEntity" oid="53AD789B-85F7-B1DA-CEAA-C5A98FEF0ED2" otype="Entity" vid="A33C564C-B15D-8486-2FD5-DC68DC98EA1B">
<hideElementsInCurrentOnly>false</hideElementsInCurrentOnly>
<bounds x="963" y="171" width="170" height="110"/>
</OView>
<OView class="oracle.dbtools.crest.swingui.logical.TVEntity" oid="928D5565-C76C-8A1D-84E3-719A7A1619F6" otype="Entity" vid="39D93602-DFC3-A168-3179-08506AC42704">
<hideElementsInCurrentOnly>false</hideElementsInCurrentOnly>
<bounds x="362" y="501" width="231" height="144"/>
</OView>
<OView class="oracle.dbtools.crest.swingui.logical.TVEntity" oid="A72CDFEC-347E-B8F9-74A3-036FE16DEEEC" otype="Entity" vid="65F01B66-CCE0-039B-AD59-712CE9F11F79">
<hideElementsInCurrentOnly>false</hideElementsInCurrentOnly>
<bounds x="629" y="468" width="184" height="110"/>
</OView>
<OView class="oracle.dbtools.crest.swingui.logical.TVEntity" oid="B74340C5-08B9-C1CB-A100-1FBD6069871E" otype="Entity" vid="F7B664D8-5D0D-CA20-3467-831FBE7593BA">
<hideElementsInCurrentOnly>false</hideElementsInCurrentOnly>
<bounds x="944" y="301" width="201" height="147"/>
</OView>
<OView class="oracle.dbtools.crest.swingui.logical.TVEntity" oid="D2720D35-9018-95A5-790D-86067DF37D0B" otype="Entity" vid="4B3DFEFC-C6B0-463B-1266-8098FE6E272C">
<hideElementsInCurrentOnly>false</hideElementsInCurrentOnly>
<bounds x="4" y="558" width="170" height="110"/>
</OView>
<OView class="oracle.dbtools.crest.swingui.logical.TVEntity" oid="EE2DA359-6F5E-C847-B266-C12BE49E86BC" otype="Entity" vid="46808634-0BE2-86E4-EC83-23195753D15E">
<hideElementsInCurrentOnly>false</hideElementsInCurrentOnly>
<bounds x="589" y="166" width="238" height="166"/>
</OView>
</objectViews>
<connectors>
<Connector class="oracle.dbtools.crest.swingui.logical.TVRelation" oid="0020626A-C568-47BA-14D9-D7D8813F84D0" otype="Relation" vid_source="6188F845-3C7D-6DE3-37B7-933337FCD2B2" vid_target="46808634-0BE2-86E4-EC83-23195753D15E">
<hideElementsInCurrentOnly>false</hideElementsInCurrentOnly>
<lineWidth>1</lineWidth>
<points>
<point x="944" y="515"/>
<point x="708" y="332"/>
</points>
</Connector>
<Connector class="oracle.dbtools.crest.swingui.logical.TVRelation" oid="1D40DF90-5526-EFFA-B537-EA656640CE61" otype="Relation" vid_source="46808634-0BE2-86E4-EC83-23195753D15E" vid_target="F7B664D8-5D0D-CA20-3467-831FBE7593BA">
<hideElementsInCurrentOnly>false</hideElementsInCurrentOnly>
<lineWidth>1</lineWidth>
<points>
<point x="827" y="316"/>
<point x="944" y="316"/>
</points>
</Connector>
<Connector class="oracle.dbtools.crest.swingui.logical.TVInheritanceRelation" oid="42ED4D0A-8123-1A01-875F-2BAE6F4EAC96" otype="Hierarchy relation" vid_source="85FD3DDA-6FD9-02DC-4165-001908FCB2F0" vid_target="8AE15C8E-6E91-FB08-820D-84602D35D596">
<hideElementsInCurrentOnly>false</hideElementsInCurrentOnly>
<lineWidth>1</lineWidth>
<points>
<point x="231" y="294"/>
<point x="231" y="350"/>
</points>
</Connector>
<Connector class="oracle.dbtools.crest.swingui.logical.TVInheritanceRelation" oid="4A97E832-346F-56C2-0249-DDF96E90AF8C" otype="Hierarchy relation" vid_source="85FD3DDA-6FD9-02DC-4165-001908FCB2F0" vid_target="3EB4D4EE-A5C7-876F-96E0-5AB8B6D336E7">
<hideElementsInCurrentOnly>false</hideElementsInCurrentOnly>
<lineWidth>1</lineWidth>
<points>
<point x="220" y="294"/>
<point x="220" y="477"/>
</points>
</Connector>
<Connector class="oracle.dbtools.crest.swingui.logical.TVInheritanceRelation" oid="8CCF250E-2568-1E06-F985-CBD753FA0C3C" otype="Hierarchy relation" vid_source="85FD3DDA-6FD9-02DC-4165-001908FCB2F0" vid_target="4B3DFEFC-C6B0-463B-1266-8098FE6E272C">
<hideElementsInCurrentOnly>false</hideElementsInCurrentOnly>
<lineWidth>1</lineWidth>
<points>
<point x="86" y="294"/>
<point x="86" y="558"/>
</points>
</Connector>
<Connector class="oracle.dbtools.crest.swingui.logical.TVRelation" oid="92ED352B-978C-98FA-8020-AFCF4752C1CB" otype="Relation" vid_source="0C8FDA9D-0740-3A89-9A07-1F0A9135BEA2" vid_target="85FD3DDA-6FD9-02DC-4165-001908FCB2F0">
<hideElementsInCurrentOnly>false</hideElementsInCurrentOnly>
<lineWidth>1</lineWidth>
<points>
<point x="562" y="91"/>
<point x="274" y="91"/>
</points>
</Connector>
<Connector class="oracle.dbtools.crest.swingui.logical.TVRelation" oid="A4A257F4-83AE-1D6D-2B67-E8C8CBD0EB79" otype="Relation" vid_source="85FD3DDA-6FD9-02DC-4165-001908FCB2F0" vid_target="46808634-0BE2-86E4-EC83-23195753D15E">
<hideElementsInCurrentOnly>false</hideElementsInCurrentOnly>
<lineWidth>1</lineWidth>
<centerLabel class="oracle.dbtools.crest.model.design.Label">
<site>1</site>
<labelBounds x="-493" y="-61" width="164" height="20"/>
<fonts itemClass="oracle.dbtools.crest.model.design.FontObjectWr">
<FontObject>
<foType>Not Null</foType>
<colorRGB>-65536</colorRGB>
</FontObject>
<FontObject>
<foType>Attribute</foType>
<colorRGB>-16777216</colorRGB>
</FontObject>
<FontObject>
<foType>Datatype</foType>
<colorRGB>-16744448</colorRGB>
</FontObject>
</fonts>
</centerLabel>
<points>
<point x="274" y="230"/>
<point x="589" y="230"/>
</points>
</Connector>
<Connector class="oracle.dbtools.crest.swingui.logical.TVInheritanceRelation" oid="B05F03B6-17E9-3B5F-8908-CBD895E486BD" otype="Hierarchy relation" vid_source="85FD3DDA-6FD9-02DC-4165-001908FCB2F0" vid_target="04D2B6D6-AE2E-82DE-F17F-02D4F0FA78AA">
<hideElementsInCurrentOnly>false</hideElementsInCurrentOnly>
<lineWidth>1</lineWidth>
<points>
<point x="105" y="294"/>
<point x="105" y="351"/>
</points>
</Connector>
<Connector class="oracle.dbtools.crest.swingui.logical.TVRelation" oid="B7EA9B07-CF6B-8E3C-7A8B-A4D22D60F87B" otype="Relation" vid_source="85FD3DDA-6FD9-02DC-4165-001908FCB2F0" vid_target="0891E2AC-23EA-A246-A974-BAC81BC04656">
<hideElementsInCurrentOnly>false</hideElementsInCurrentOnly>
<lineWidth>1</lineWidth>
<points>
<point x="274" y="75"/>
<point x="850" y="75"/>
</points>
</Connector>
<Connector class="oracle.dbtools.crest.swingui.logical.TVRelation" oid="D699FBF0-D511-3A30-8F29-6EB3C98D6BBA" otype="Relation" vid_source="85FD3DDA-6FD9-02DC-4165-001908FCB2F0" vid_target="39D93602-DFC3-A168-3179-08506AC42704">
<hideElementsInCurrentOnly>false</hideElementsInCurrentOnly>
<lineWidth>1</lineWidth>
<points>
<point x="274" y="156"/>
<point x="477" y="501"/>
</points>
</Connector>
<Connector class="oracle.dbtools.crest.swingui.logical.TVRelation" oid="D745CE72-F0A7-6675-F37E-1A2CCA81A631" otype="Relation" vid_source="85FD3DDA-6FD9-02DC-4165-001908FCB2F0" vid_target="46808634-0BE2-86E4-EC83-23195753D15E">
<hideElementsInCurrentOnly>false</hideElementsInCurrentOnly>
<lineWidth>1</lineWidth>
<centerLabel class="oracle.dbtools.crest.model.design.Label">
<site>1</site>
<labelBounds x="0" y="0" width="119" height="20"/>
<fonts itemClass="oracle.dbtools.crest.model.design.FontObjectWr">
<FontObject>
<foType>Not Null</foType>
<colorRGB>-65536</colorRGB>
</FontObject>
<FontObject>
<foType>Attribute</foType>
<colorRGB>-16777216</colorRGB>
</FontObject>
<FontObject>
<foType>Datatype</foType>
<colorRGB>-16744448</colorRGB>
</FontObject>
</fonts>
</centerLabel>
<points>
<point x="274" y="180"/>
<point x="475" y="180"/>
<point x="589" y="180"/>
</points>
</Connector>
<Connector class="oracle.dbtools.crest.swingui.logical.TVRelation" oid="D8C7BB5C-20D5-5713-29F4-0C0669B9058D" otype="Relation" vid_source="46808634-0BE2-86E4-EC83-23195753D15E" vid_target="65F01B66-CCE0-039B-AD59-712CE9F11F79">
<hideElementsInCurrentOnly>false</hideElementsInCurrentOnly>
<lineWidth>1</lineWidth>
<points>
<point x="721" y="332"/>
<point x="721" y="468"/>
</points>
</Connector>
<Connector class="oracle.dbtools.crest.swingui.logical.TVRelation" oid="DB269342-8C89-AC55-13F8-0CE332945526" otype="Relation" vid_source="A33C564C-B15D-8486-2FD5-DC68DC98EA1B" vid_target="46808634-0BE2-86E4-EC83-23195753D15E">
<hideElementsInCurrentOnly>false</hideElementsInCurrentOnly>
<lineWidth>1</lineWidth>
<points>
<point x="963" y="226"/>
<point x="827" y="226"/>
</points>
</Connector>
<Connector class="oracle.dbtools.crest.swingui.logical.TVRelation" oid="F5142C66-D3EC-EFDF-32C5-73C74F656CDA" otype="Relation" vid_source="85FD3DDA-6FD9-02DC-4165-001908FCB2F0" vid_target="46808634-0BE2-86E4-EC83-23195753D15E">
<hideElementsInCurrentOnly>false</hideElementsInCurrentOnly>
<lineWidth>1</lineWidth>
<centerLabel class="oracle.dbtools.crest.model.design.Label">
<site>1</site>
<labelBounds x="0" y="0" width="123" height="20"/>
<fonts itemClass="oracle.dbtools.crest.model.design.FontObjectWr">
<FontObject>
<foType>Not Null</foType>
<colorRGB>-65536</colorRGB>
</FontObject>
<FontObject>
<foType>Attribute</foType>
<colorRGB>-16777216</colorRGB>
</FontObject>
<FontObject>
<foType>Datatype</foType>
<colorRGB>-16744448</colorRGB>
</FontObject>
</fonts>
</centerLabel>
<points>
<point x="274" y="273"/>
<point x="589" y="275"/>
</points>
</Connector>
<Connector class="oracle.dbtools.crest.swingui.logical.TVRelation" oid="FB1958B8-4831-20DF-83F0-0CEBC0775F74" otype="Relation" vid_source="46808634-0BE2-86E4-EC83-23195753D15E" vid_target="39D93602-DFC3-A168-3179-08506AC42704">
<hideElementsInCurrentOnly>false</hideElementsInCurrentOnly>
<lineWidth>1</lineWidth>
<points>
<point x="591" y="332"/>
<point x="591" y="501"/>
</points>
</Connector>
</connectors>
</Diagram>