<?xml version = '1.0' encoding = 'UTF-8'?>
<Relation class="oracle.dbtools.crest.model.design.logical.Relation" name="R10" directorySegmentName="seg_0" id="5A032F37-A235-6B74-8F7D-AFE5043C816C">
<createdBy>amnah</createdBy>
<createdTime>2015-11-10 06:19:54 UTC</createdTime>
<ownerDesignName>F15E7_logical</ownerDesignName>
<engineerTo>
<item key="AA1BE2B1-6B24-1960-2AEE-34787765A389" value="true"/>
</engineerTo>
<sourcePk>48D665CC-91E1-7E55-C9F6-EF1D9ADAD0DA</sourcePk>
<identifying>false</identifying>
<optionalSource>true</optionalSource>
<optionalTarget>true</optionalTarget>
<sourceCardinality>1</sourceCardinality>
<sourceEntity>57603E81-09D3-F28C-964C-64F454B800A4</sourceEntity>
<targetCardinalityString>*</targetCardinalityString>
<targetEntity>69407809-89EB-EE80-4E6B-D3DF8EFDEECB</targetEntity>
<transferable>true</transferable>
<deleteRule>NO ACTION</deleteRule>
</Relation>