<?xml version = '1.0' encoding = 'UTF-8'?>
<Relation class="oracle.dbtools.crest.model.design.logical.Relation" name="R13v1" directorySegmentName="seg_0" id="706067CE-F053-0730-CDE0-F976ACAABE21">
<createdBy>amnah</createdBy>
<createdTime>2015-11-10 06:26:07 UTC</createdTime>
<ownerDesignName>F15E7_logical</ownerDesignName>
<engineerTo>
<item key="AA1BE2B1-6B24-1960-2AEE-34787765A389" value="true"/>
</engineerTo>
<sourcePk>E9D02A23-1DF3-86E6-0FDB-ADB1FEA3C531</sourcePk>
<identifying>false</identifying>
<optionalSource>true</optionalSource>
<optionalTarget>true</optionalTarget>
<sourceCardinality>1</sourceCardinality>
<sourceEntity>6253F52B-8245-EB24-542F-49316C645ED9</sourceEntity>
<targetCardinalityString>*</targetCardinalityString>
<targetEntity>57603E81-09D3-F28C-964C-64F454B800A4</targetEntity>
<transferable>true</transferable>
<deleteRule>NO ACTION</deleteRule>
</Relation>