<?xml version = '1.0' encoding = 'UTF-8'?>
<Relation class="oracle.dbtools.crest.model.design.logical.Relation" name="R6" directorySegmentName="seg_0" id="99B08D25-6291-AFCC-B9C9-AE740CD58203">
<createdBy>amnah</createdBy>
<createdTime>2015-11-10 06:18:27 UTC</createdTime>
<ownerDesignName>F15E7_logical</ownerDesignName>
<engineerTo>
<item key="AA1BE2B1-6B24-1960-2AEE-34787765A389" value="true"/>
</engineerTo>
<sourcePk>48D665CC-91E1-7E55-C9F6-EF1D9ADAD0DA</sourcePk>
<identifying>false</identifying>
<optionalSource>true</optionalSource>
<optionalTarget>true</optionalTarget>
<sourceCardinality>1</sourceCardinality>
<sourceEntity>57603E81-09D3-F28C-964C-64F454B800A4</sourceEntity>
<targetCardinalityString>*</targetCardinalityString>
<targetEntity>CEB2295F-0746-C855-F18B-A6E3BB2B0A7E</targetEntity>
<transferable>true</transferable>
<deleteRule>NO ACTION</deleteRule>
</Relation>