<?xml version = '1.0' encoding = 'UTF-8'?>
<Relation class="oracle.dbtools.crest.model.design.logical.Relation" name="R12" directorySegmentName="seg_0" id="9F04D7B1-102B-64D1-D113-8BE4250A34F2">
<createdBy>amnah</createdBy>
<createdTime>2015-11-10 06:18:27 UTC</createdTime>
<ownerDesignName>F15E7_logical</ownerDesignName>
<engineerTo>
<item key="AA1BE2B1-6B24-1960-2AEE-34787765A389" value="true"/>
</engineerTo>
<sourcePk>6811B3B6-EE72-43CA-1E79-9AAE7A4A60F3</sourcePk>
<identifying>false</identifying>
<optionalSource>true</optionalSource>
<optionalTarget>true</optionalTarget>
<sourceCardinality>1</sourceCardinality>
<sourceEntity>BA16A206-E206-EA62-C3F3-D7B71B299515</sourceEntity>
<targetCardinalityString>*</targetCardinalityString>
<targetEntity>4AD5224D-EF18-6E8F-8AE6-6FA1F91F7F76</targetEntity>
<transferable>true</transferable>
<deleteRule>NO ACTION</deleteRule>
</Relation>