<?xml version = '1.0' encoding = 'UTF-8'?>
<Relation class="oracle.dbtools.crest.model.design.logical.Relation" name="R11v1" directorySegmentName="seg_0" id="BBFFD3C6-AF51-E21B-6D6C-52BEFD3399A9">
<createdBy>amnah</createdBy>
<createdTime>2015-11-10 06:20:43 UTC</createdTime>
<ownerDesignName>F15E7_logical</ownerDesignName>
<engineerTo>
<item key="AA1BE2B1-6B24-1960-2AEE-34787765A389" value="true"/>
</engineerTo>
<sourcePk>6811B3B6-EE72-43CA-1E79-9AAE7A4A60F3</sourcePk>
<targetPk>2E106A64-A14D-D395-2C47-6EFB2F3466E5</targetPk>
<identifying>false</identifying>
<optionalSource>true</optionalSource>
<optionalTarget>true</optionalTarget>
<sourceCardinality>1</sourceCardinality>
<sourceEntity>BA16A206-E206-EA62-C3F3-D7B71B299515</sourceEntity>
<targetCardinalityString>1</targetCardinalityString>
<targetEntity>E296782D-33D4-2AB5-1033-EB7A3A4AC1A7</targetEntity>
<transferable>true</transferable>
<deleteRule>NO ACTION</deleteRule>
</Relation>