<?xml version = '1.0' encoding = 'UTF-8'?>
<Relation class="oracle.dbtools.crest.model.design.logical.Relation" name="R3" directorySegmentName="seg_0" id="D1D922AC-FEB6-21D4-5667-F2FD3ED7A757">
<createdBy>amnah</createdBy>
<createdTime>2015-11-10 06:18:27 UTC</createdTime>
<ownerDesignName>F15E7_logical</ownerDesignName>
<engineerTo>
<item key="AA1BE2B1-6B24-1960-2AEE-34787765A389" value="true"/>
</engineerTo>
<sourcePk>6811B3B6-EE72-43CA-1E79-9AAE7A4A60F3</sourcePk>
<identifying>false</identifying>
<optionalSource>true</optionalSource>
<optionalTarget>true</optionalTarget>
<sourceCardinality>1</sourceCardinality>
<sourceEntity>BA16A206-E206-EA62-C3F3-D7B71B299515</sourceEntity>
<targetCardinalityString>*</targetCardinalityString>
<targetEntity>CEB2295F-0746-C855-F18B-A6E3BB2B0A7E</targetEntity>
<transferable>true</transferable>
<deleteRule>NO ACTION</deleteRule>
</Relation>