<?xml version = '1.0' encoding = 'UTF-8'?>
<Relation class="oracle.dbtools.crest.model.design.logical.Relation" name="R13" directorySegmentName="seg_0" id="D787234A-C5ED-399A-4D0F-235370242969">
<createdBy>amnah</createdBy>
<createdTime>2015-11-10 06:18:27 UTC</createdTime>
<ownerDesignName>F15E7_logical</ownerDesignName>
<engineerTo>
<item key="AA1BE2B1-6B24-1960-2AEE-34787765A389" value="true"/>
</engineerTo>
<sourcePk>1159C350-F50C-AF5A-F16F-4222C2294E5D</sourcePk>
<identifying>false</identifying>
<optionalSource>true</optionalSource>
<optionalTarget>true</optionalTarget>
<sourceCardinality>1</sourceCardinality>
<sourceEntity>E558DEA2-99DE-3CA3-3689-07CC366CDE0A</sourceEntity>
<targetCardinalityString>*</targetCardinalityString>
<targetEntity>57603E81-09D3-F28C-964C-64F454B800A4</targetEntity>
<transferable>true</transferable>
<deleteRule>NO ACTION</deleteRule>
</Relation>