<?xml version = '1.0' encoding = 'UTF-8'?>
<Relation class="oracle.dbtools.crest.model.design.logical.Relation" name="R8" directorySegmentName="seg_0" id="E6A04DFC-2102-6679-AFD9-C746A37EA1D0">
<createdBy>amnah</createdBy>
<createdTime>2015-11-10 06:18:27 UTC</createdTime>
<ownerDesignName>F15E7_logical</ownerDesignName>
<engineerTo>
<item key="AA1BE2B1-6B24-1960-2AEE-34787765A389" value="true"/>
</engineerTo>
<sourcePk>5CFE0DF5-82F4-2B61-5590-06E7354AD05E</sourcePk>
<identifying>false</identifying>
<optionalSource>true</optionalSource>
<optionalTarget>true</optionalTarget>
<sourceCardinality>1</sourceCardinality>
<sourceEntity>7DD2562C-8ACD-9612-CC8E-0731B1B27A93</sourceEntity>
<targetCardinalityString>*</targetCardinalityString>
<targetEntity>BA16A206-E206-EA62-C3F3-D7B71B299515</targetEntity>
<transferable>true</transferable>
<deleteRule>NO ACTION</deleteRule>
</Relation>