<?xml version = '1.0' encoding = 'UTF-8'?>
<Relation class="oracle.dbtools.crest.model.design.logical.Relation" name="R15" directorySegmentName="seg_0" id="F68EC0E4-C397-66D2-9892-CCB461180481">
<createdBy>amnah</createdBy>
<createdTime>2015-11-15 20:17:35 UTC</createdTime>
<ownerDesignName>F15E7_logical</ownerDesignName>
<engineerTo>
<item key="AA1BE2B1-6B24-1960-2AEE-34787765A389" value="true"/>
</engineerTo>
<sourcePk>68EC4394-4DFD-4B3A-71EA-B04002D98806</sourcePk>
<identifying>false</identifying>
<optionalSource>true</optionalSource>
<optionalTarget>true</optionalTarget>
<sourceCardinality>1</sourceCardinality>
<sourceEntity>11E1F7D8-315E-AFCC-041C-97016620D0BB</sourceEntity>
<targetCardinalityString>*</targetCardinalityString>
<targetEntity>4C40FED1-58C7-3655-457D-2E854E6EFCAE</targetEntity>
<transferable>true</transferable>
<deleteRule>NO ACTION</deleteRule>
</Relation>