<?xml version = '1.0' encoding = 'UTF-8'?>
<Relation class="oracle.dbtools.crest.model.design.logical.Relation" name="R9" directorySegmentName="seg_0" id="F8969AFA-DF6A-D70B-9A58-218E09CC7982">
<createdBy>amnah</createdBy>
<createdTime>2015-11-10 06:19:44 UTC</createdTime>
<ownerDesignName>F15E7_logical</ownerDesignName>
<engineerTo>
<item key="AA1BE2B1-6B24-1960-2AEE-34787765A389" value="true"/>
</engineerTo>
<sourcePk>6811B3B6-EE72-43CA-1E79-9AAE7A4A60F3</sourcePk>
<identifying>false</identifying>
<optionalSource>true</optionalSource>
<optionalTarget>true</optionalTarget>
<sourceCardinality>1</sourceCardinality>
<sourceEntity>BA16A206-E206-EA62-C3F3-D7B71B299515</sourceEntity>
<targetCardinalityString>*</targetCardinalityString>
<targetEntity>69407809-89EB-EE80-4E6B-D3DF8EFDEECB</targetEntity>
<transferable>true</transferable>
<deleteRule>NO ACTION</deleteRule>
</Relation>