<?xml version = '1.0' encoding = 'UTF-8'?>
<relationalModel class="oracle.dbtools.crest.model.design.relational.RelationalDesign" name="Relational_1" id="62EF0BD6-EC16-39EC-7541-1883BBDC001F" mainViewID="25A0CBA8-5009-3710-C450-639D95017520">
<createdBy>amnah</createdBy>
<createdTime>2015-11-02 22:04:40 UTC</createdTime>
<ownerDesignName>F15E7modified</ownerDesignName>
<shouldBeOpen>false</shouldBeOpen>
<selectedRDBMSSite>32076570-2523-435C-2E92-BF29817DFF70</selectedRDBMSSite>
</relationalModel>