<?xml version = '1.0' encoding = 'UTF-8'?>
<Diagram class="oracle.dbtools.crest.swingui.relational.DPVRelational" name="Relational_1" id="ABCD0472-B1DE-DC01-DA39-2D3B16CBBE2C">
<createdBy>amnah</createdBy>
<modifiedBy>amnah</modifiedBy>
<createdTime>2015-11-10 06:29:30 UTC</createdTime>
<autoRoute>false</autoRoute>
<boxInbox>true</boxInbox>
<showLegend>false</showLegend>
<showLabels>false</showLabels>
<showRelAttributes>false</showRelAttributes>
<gridEnabled>false</gridEnabled>
<showGrid>false</showGrid>
<diagramColor>-1</diagramColor>
<display>false</display>
<notation>1</notation>
<objectViews>
<OView class="oracle.dbtools.crest.swingui.relational.TVTable" oid="05BBE1CA-E065-2646-D1A7-2BDAAA510E32" otype="Table" vid="BDAA5DC6-31B1-E417-635B-3067BEAD4B6D">
<hideElementsInCurrentOnly>false</hideElementsInCurrentOnly>
<bounds x="949" y="6" width="170" height="110"/>
</OView>
<OView class="oracle.dbtools.crest.swingui.relational.TVTable" oid="0AB9C07F-4CC3-752E-913D-F235E1ABDA3A" otype="Table" vid="ABB03D4E-C442-B783-D446-A49A8C8E3595">
<hideElementsInCurrentOnly>false</hideElementsInCurrentOnly>
<bounds x="25" y="363" width="170" height="110"/>
</OView>
<OView class="oracle.dbtools.crest.swingui.relational.TVTable" oid="4FB8F340-222C-052A-8DAC-EF37219DE100" otype="Table" vid="EC08A8E5-3435-27A9-034B-17EC91C76808">
<hideElementsInCurrentOnly>false</hideElementsInCurrentOnly>
<bounds x="314" y="194" width="223" height="126"/>
</OView>
<OView class="oracle.dbtools.crest.swingui.relational.TVTable" oid="50A25598-9ADC-4650-C00A-6AB4F6CB5231" otype="Table" vid="E4FF1272-DCB0-F500-BCB1-488A2577D3F3">
<hideElementsInCurrentOnly>false</hideElementsInCurrentOnly>
<bounds x="1005" y="340" width="226" height="140"/>
</OView>
<OView class="oracle.dbtools.crest.swingui.relational.TVTable" oid="6BFBC9B1-4EA7-9711-4A5A-794FA41AB8C4" otype="Table" vid="E4678285-6F7A-15D0-F77B-AD0D84FAF485">
<hideElementsInCurrentOnly>false</hideElementsInCurrentOnly>
<bounds x="150" y="490" width="170" height="110"/>
</OView>
<OView class="oracle.dbtools.crest.swingui.relational.TVTable" oid="6CD1525F-79E2-A5C8-97C5-C75AA895A861" otype="Table" vid="1AF1B0EF-40CB-4C09-9B4F-DEDCB8DD2469">
<hideElementsInCurrentOnly>false</hideElementsInCurrentOnly>
<bounds x="608" y="495" width="224" height="136"/>
</OView>
<OView class="oracle.dbtools.crest.swingui.relational.TVTable" oid="93401C73-5B8F-7E5C-F313-7B977F3CAA1D" otype="Table" vid="A6884F1F-C7F1-04B2-B488-9900EB28F0D8">
<hideElementsInCurrentOnly>false</hideElementsInCurrentOnly>
<bounds x="997" y="136" width="205" height="165"/>
</OView>
<OView class="oracle.dbtools.crest.swingui.relational.TVTable" oid="9FBCA582-3CD4-2276-8B34-AF8458D71332" otype="Table" vid="417DBA99-4056-3876-4C79-ECBECAA0AC86">
<hideElementsInCurrentOnly>false</hideElementsInCurrentOnly>
<bounds x="371" y="453" width="229" height="137"/>
</OView>
<OView class="oracle.dbtools.crest.swingui.relational.TVTable" oid="CA8DA860-08C2-BB9E-152E-A710E0B75734" otype="Table" vid="BEC8E9C6-C214-CB70-B353-02AA03A213ED">
<hideElementsInCurrentOnly>false</hideElementsInCurrentOnly>
<bounds x="581" y="1" width="243" height="245"/>
</OView>
<OView class="oracle.dbtools.crest.swingui.relational.TVTable" oid="CE37D79A-5D50-98E0-79A7-2B764B270170" otype="Table" vid="903960F6-1FEC-CA78-AE8E-5E4DDFACA470">
<hideElementsInCurrentOnly>false</hideElementsInCurrentOnly>
<bounds x="753" y="337" width="170" height="115"/>
</OView>
<OView class="oracle.dbtools.crest.swingui.relational.TVTable" oid="EDA2108E-FCCA-49E3-DB4A-4D18FC55F837" otype="Table" vid="3C70B999-A60B-449A-4E0C-2963F9AE15D6">
<hideElementsInCurrentOnly>false</hideElementsInCurrentOnly>
<bounds x="29" y="19" width="200" height="258"/>
</OView>
<OView class="oracle.dbtools.crest.swingui.relational.TVTable" oid="FE14EF73-DA0D-B4D5-2822-F24C2BF5B09C" otype="Table" vid="560D9944-8F03-4B1C-3CB3-8D2734D2132E">
<hideElementsInCurrentOnly>false</hideElementsInCurrentOnly>
<bounds x="313" y="11" width="216" height="163"/>
</OView>
</objectViews>
<connectors>
<Connector class="oracle.dbtools.crest.swingui.relational.TVFKRelation" oid="1C390BFF-5D71-047A-C66F-3D0F906163FE" otype="FKIndexAssociation" vid_source="3C70B999-A60B-449A-4E0C-2963F9AE15D6" vid_target="417DBA99-4056-3876-4C79-ECBECAA0AC86">
<hideElementsInCurrentOnly>false</hideElementsInCurrentOnly>
<lineWidth>1</lineWidth>
<points>
<point x="229" y="148"/>
<point x="485" y="453"/>
</points>
</Connector>
<Connector class="oracle.dbtools.crest.swingui.relational.TVFKRelation" oid="21F02A42-AB06-95F9-4B9C-41ECDAE234D7" otype="FKIndexAssociation" vid_source="BEC8E9C6-C214-CB70-B353-02AA03A213ED" vid_target="560D9944-8F03-4B1C-3CB3-8D2734D2132E">
<hideElementsInCurrentOnly>false</hideElementsInCurrentOnly>
<lineWidth>1</lineWidth>
<points>
<point x="581" y="92"/>
<point x="529" y="92"/>
</points>
</Connector>
<Connector class="oracle.dbtools.crest.swingui.relational.TVFKRelation" oid="22ED0750-3A15-EB16-8CA1-446449BDFF8E" otype="FKIndexAssociation" vid_source="BEC8E9C6-C214-CB70-B353-02AA03A213ED" vid_target="A6884F1F-C7F1-04B2-B488-9900EB28F0D8">
<hideElementsInCurrentOnly>false</hideElementsInCurrentOnly>
<lineWidth>1</lineWidth>
<points>
<point x="824" y="191"/>
<point x="997" y="191"/>
</points>
</Connector>
<Connector class="oracle.dbtools.crest.swingui.relational.TVFKRelation" oid="2B72D671-F99F-4EBA-FD1F-C2C556AA8060" otype="FKIndexAssociation" vid_source="1AF1B0EF-40CB-4C09-9B4F-DEDCB8DD2469" vid_target="BEC8E9C6-C214-CB70-B353-02AA03A213ED">
<hideElementsInCurrentOnly>false</hideElementsInCurrentOnly>
<lineWidth>1</lineWidth>
<points>
<point x="716" y="495"/>
<point x="716" y="246"/>
</points>
</Connector>
<Connector class="oracle.dbtools.crest.swingui.relational.TVFKRelation" oid="43AF1AF8-9B6D-060E-F09E-EBC079131D99" otype="FKIndexAssociation" vid_source="BEC8E9C6-C214-CB70-B353-02AA03A213ED" vid_target="EC08A8E5-3435-27A9-034B-17EC91C76808">
<hideElementsInCurrentOnly>false</hideElementsInCurrentOnly>
<lineWidth>1</lineWidth>
<points>
<point x="581" y="220"/>
<point x="537" y="220"/>
</points>
</Connector>
<Connector class="oracle.dbtools.crest.swingui.relational.TVFKRelation" oid="602001FE-EA0F-801B-5293-086CBD22E24D" otype="FKIndexAssociation" vid_source="BEC8E9C6-C214-CB70-B353-02AA03A213ED" vid_target="903960F6-1FEC-CA78-AE8E-5E4DDFACA470">
<hideElementsInCurrentOnly>false</hideElementsInCurrentOnly>
<lineWidth>1</lineWidth>
<points>
<point x="788" y="246"/>
<point x="788" y="337"/>
</points>
</Connector>
<Connector class="oracle.dbtools.crest.swingui.relational.TVFKRelation" oid="73F3B2B3-C8EA-AC7C-411C-13D003E23CBD" otype="FKIndexAssociation" vid_source="3C70B999-A60B-449A-4E0C-2963F9AE15D6" vid_target="BEC8E9C6-C214-CB70-B353-02AA03A213ED">
<hideElementsInCurrentOnly>false</hideElementsInCurrentOnly>
<lineWidth>1</lineWidth>
<points>
<point x="229" y="132"/>
<point x="581" y="132"/>
</points>
</Connector>
<Connector class="oracle.dbtools.crest.swingui.relational.TVFKRelation" oid="77EB6D5A-A70C-01F8-B08C-2A9E3B608EFD" otype="FKIndexAssociation" vid_source="BEC8E9C6-C214-CB70-B353-02AA03A213ED" vid_target="417DBA99-4056-3876-4C79-ECBECAA0AC86">
<hideElementsInCurrentOnly>false</hideElementsInCurrentOnly>
<lineWidth>1</lineWidth>
<points>
<point x="590" y="246"/>
<point x="590" y="453"/>
</points>
</Connector>
<Connector class="oracle.dbtools.crest.swingui.relational.TVFKRelation" oid="7D9581C3-D9FC-48CD-2A52-AAFE425DCA9F" otype="FKIndexAssociation" vid_source="E4FF1272-DCB0-F500-BCB1-488A2577D3F3" vid_target="903960F6-1FEC-CA78-AE8E-5E4DDFACA470">
<hideElementsInCurrentOnly>false</hideElementsInCurrentOnly>
<lineWidth>1</lineWidth>
<points>
<point x="1005" y="396"/>
<point x="923" y="396"/>
</points>
</Connector>
<Connector class="oracle.dbtools.crest.swingui.relational.TVFKRelation" oid="94321084-0711-5FD8-6B13-6AED527484CB" otype="FKIndexAssociation" vid_source="E4678285-6F7A-15D0-F77B-AD0D84FAF485" vid_target="3C70B999-A60B-449A-4E0C-2963F9AE15D6">
<hideElementsInCurrentOnly>false</hideElementsInCurrentOnly>
<lineWidth>1</lineWidth>
<points>
<point x="189" y="490"/>
<point x="189" y="277"/>
</points>
</Connector>
<Connector class="oracle.dbtools.crest.swingui.relational.TVFKRelation" oid="B05A03AF-12A4-7511-BF46-2BB2A9CF2EFF" otype="FKIndexAssociation" vid_source="BEC8E9C6-C214-CB70-B353-02AA03A213ED" vid_target="BDAA5DC6-31B1-E417-635B-3067BEAD4B6D">
<hideElementsInCurrentOnly>false</hideElementsInCurrentOnly>
<lineWidth>1</lineWidth>
<points>
<point x="824" y="61"/>
<point x="949" y="61"/>
</points>
</Connector>
<Connector class="oracle.dbtools.crest.swingui.relational.TVFKRelation" oid="D300804A-55E5-978F-81C5-992DFD4A2C6D" otype="FKIndexAssociation" vid_source="3C70B999-A60B-449A-4E0C-2963F9AE15D6" vid_target="EC08A8E5-3435-27A9-034B-17EC91C76808">
<hideElementsInCurrentOnly>false</hideElementsInCurrentOnly>
<lineWidth>1</lineWidth>
<points>
<point x="229" y="235"/>
<point x="314" y="235"/>
</points>
</Connector>
<Connector class="oracle.dbtools.crest.swingui.relational.TVFKRelation" oid="D49240F6-0DA1-2D75-D81A-3698FB8E9FEE" otype="FKIndexAssociation" vid_source="ABB03D4E-C442-B783-D446-A49A8C8E3595" vid_target="3C70B999-A60B-449A-4E0C-2963F9AE15D6">
<hideElementsInCurrentOnly>false</hideElementsInCurrentOnly>
<lineWidth>1</lineWidth>
<points>
<point x="112" y="363"/>
<point x="112" y="277"/>
</points>
</Connector>
<Connector class="oracle.dbtools.crest.swingui.relational.TVFKRelation" oid="D943AD4A-1E2A-C8E2-69D1-BA098BA36CAE" otype="FKIndexAssociation" vid_source="3C70B999-A60B-449A-4E0C-2963F9AE15D6" vid_target="560D9944-8F03-4B1C-3CB3-8D2734D2132E">
<hideElementsInCurrentOnly>false</hideElementsInCurrentOnly>
<lineWidth>1</lineWidth>
<points>
<point x="229" y="96"/>
<point x="313" y="96"/>
</points>
</Connector>
<Connector class="oracle.dbtools.crest.swingui.relational.TVFKRelation" oid="DBD7FE62-27C2-6FDE-4D90-123ACDAECFA5" otype="FKIndexAssociation" vid_source="3C70B999-A60B-449A-4E0C-2963F9AE15D6" vid_target="ABB03D4E-C442-B783-D446-A49A8C8E3595">
<hideElementsInCurrentOnly>false</hideElementsInCurrentOnly>
<lineWidth>1</lineWidth>
<points>
<point x="112" y="277"/>
<point x="112" y="363"/>
</points>
</Connector>
</connectors>
</Diagram>