<?xml version = '1.0' encoding = 'UTF-8'?>
<FKIndexAssociation class="oracle.dbtools.crest.model.design.relational.FKIndexAssociation" directorySegmentName="seg_0" id="1C390BFF-5D71-047A-C66F-3D0F906163FE" containerWithKeyObject="9FBCA582-3CD4-2276-8B34-AF8458D71332" localFKIndex="1743E934-A109-E8FB-F5B4-CAE89C5200E0" name="F15E7_comments_F15E7_empl_FK">
<createdBy>amnah</createdBy>
<createdTime>2015-11-24 17:57:54 UTC</createdTime>
<generatorID>9F04D7B1-102B-64D1-D113-8BE4250A34F2</generatorID>
<ownerDesignName>F15E7_logical</ownerDesignName>
<deleteRule>NO ACTION</deleteRule>
<referredTableID>EDA2108E-FCCA-49E3-DB4A-4D18FC55F837</referredTableID>
<keyObject>0ADC0827-5D08-E952-A5FD-183B066790AC</keyObject>
<referredKeyID>0ADC0827-5D08-E952-A5FD-183B066790AC</referredKeyID>
<mandatory>false</mandatory>
<transferable>true</transferable>
<rely>false</rely>
<columnDependencyConstraintGenerateInDDL>true</columnDependencyConstraintGenerateInDDL>
</FKIndexAssociation>