<?xml version = '1.0' encoding = 'UTF-8'?>
<FKIndexAssociation class="oracle.dbtools.crest.model.design.relational.FKIndexAssociation" directorySegmentName="seg_0" id="21F02A42-AB06-95F9-4B9C-41ECDAE234D7" containerWithKeyObject="FE14EF73-DA0D-B4D5-2822-F24C2BF5B09C" localFKIndex="CA0DA903-1038-24EB-E591-2ED6F6F1F56C" name="F15E7_contacts_F15E7_rfes_FK">
<createdBy>amnah</createdBy>
<createdTime>2015-11-24 17:57:54 UTC</createdTime>
<generatorID>5A032F37-A235-6B74-8F7D-AFE5043C816C</generatorID>
<ownerDesignName>F15E7_logical</ownerDesignName>
<deleteRule>NO ACTION</deleteRule>
<referredTableID>CA8DA860-08C2-BB9E-152E-A710E0B75734</referredTableID>
<keyObject>F064D821-5822-CFE7-A4F2-4518F11F9A80</keyObject>
<referredKeyID>F064D821-5822-CFE7-A4F2-4518F11F9A80</referredKeyID>
<mandatory>false</mandatory>
<transferable>true</transferable>
<rely>false</rely>
<columnDependencyConstraintGenerateInDDL>true</columnDependencyConstraintGenerateInDDL>
</FKIndexAssociation>