<?xml version = '1.0' encoding = 'UTF-8'?>
<FKIndexAssociation class="oracle.dbtools.crest.model.design.relational.FKIndexAssociation" directorySegmentName="seg_0" id="2B72D671-F99F-4EBA-FD1F-C2C556AA8060" containerWithKeyObject="CA8DA860-08C2-BB9E-152E-A710E0B75734" localFKIndex="D100A9F4-FF67-5290-0D85-CF0A0A253041" name="F15E7_rfes_F15E7_stat_FK">
<createdBy>amnah</createdBy>
<createdTime>2015-11-24 17:57:54 UTC</createdTime>
<generatorID>D787234A-C5ED-399A-4D0F-235370242969</generatorID>
<ownerDesignName>F15E7_logical</ownerDesignName>
<deleteRule>NO ACTION</deleteRule>
<referredTableID>6CD1525F-79E2-A5C8-97C5-C75AA895A861</referredTableID>
<keyObject>7A86EC22-AEDF-799A-7DF6-D5CB7EF07452</keyObject>
<referredKeyID>7A86EC22-AEDF-799A-7DF6-D5CB7EF07452</referredKeyID>
<mandatory>false</mandatory>
<transferable>true</transferable>
<rely>false</rely>
<columnDependencyConstraintGenerateInDDL>true</columnDependencyConstraintGenerateInDDL>
</FKIndexAssociation>