<?xml version = '1.0' encoding = 'UTF-8'?>
<FKIndexAssociation class="oracle.dbtools.crest.model.design.relational.FKIndexAssociation" directorySegmentName="seg_0" id="43AF1AF8-9B6D-060E-F09E-EBC079131D99" containerWithKeyObject="4FB8F340-222C-052A-8DAC-EF37219DE100" localFKIndex="62401C8F-ACE9-3391-AAED-F813D16D2DEE" name="F15E7_approvers_F15E7_rfes_FK">
<createdBy>amnah</createdBy>
<createdTime>2015-11-24 17:57:54 UTC</createdTime>
<generatorID>99B08D25-6291-AFCC-B9C9-AE740CD58203</generatorID>
<ownerDesignName>F15E7_logical</ownerDesignName>
<deleteRule>NO ACTION</deleteRule>
<referredTableID>CA8DA860-08C2-BB9E-152E-A710E0B75734</referredTableID>
<keyObject>F064D821-5822-CFE7-A4F2-4518F11F9A80</keyObject>
<referredKeyID>F064D821-5822-CFE7-A4F2-4518F11F9A80</referredKeyID>
<mandatory>false</mandatory>
<transferable>true</transferable>
<rely>false</rely>
<columnDependencyConstraintGenerateInDDL>true</columnDependencyConstraintGenerateInDDL>
</FKIndexAssociation>