<?xml version = '1.0' encoding = 'UTF-8'?>
<FKIndexAssociation class="oracle.dbtools.crest.model.design.relational.FKIndexAssociation" directorySegmentName="seg_0" id="602001FE-EA0F-801B-5293-086CBD22E24D" containerWithKeyObject="CE37D79A-5D50-98E0-79A7-2B764B270170" localFKIndex="FCF48072-83CF-9DB4-D43F-0D781BF7A465" name="F15E7_rfeTasks_F15E7_rfes_FK">
<createdBy>amnah</createdBy>
<createdTime>2015-11-24 17:57:54 UTC</createdTime>
<generatorID>EF074F5E-1800-6830-BAE0-4DEC15096B04</generatorID>
<ownerDesignName>F15E7_logical</ownerDesignName>
<deleteRule>NO ACTION</deleteRule>
<referredTableID>CA8DA860-08C2-BB9E-152E-A710E0B75734</referredTableID>
<keyObject>F064D821-5822-CFE7-A4F2-4518F11F9A80</keyObject>
<referredKeyID>F064D821-5822-CFE7-A4F2-4518F11F9A80</referredKeyID>
<mandatory>false</mandatory>
<transferable>true</transferable>
<rely>false</rely>
<columnDependencyConstraintGenerateInDDL>true</columnDependencyConstraintGenerateInDDL>
</FKIndexAssociation>