<?xml version = '1.0' encoding = 'UTF-8'?>
<FKIndexAssociation class="oracle.dbtools.crest.model.design.relational.FKIndexAssociation" directorySegmentName="seg_0" id="73F3B2B3-C8EA-AC7C-411C-13D003E23CBD" containerWithKeyObject="CA8DA860-08C2-BB9E-152E-A710E0B75734" localFKIndex="58E59C8B-5A28-2383-F6B7-2E96C1DD6F2E" name="F15E7_rfes_F15E7_empl_FK">
<createdBy>amnah</createdBy>
<createdTime>2015-11-24 17:57:54 UTC</createdTime>
<generatorID>D1F86B0B-FB67-4AA3-CE66-2C28A95CC054</generatorID>
<ownerDesignName>F15E7_logical</ownerDesignName>
<deleteRule>NO ACTION</deleteRule>
<referredTableID>EDA2108E-FCCA-49E3-DB4A-4D18FC55F837</referredTableID>
<keyObject>0ADC0827-5D08-E952-A5FD-183B066790AC</keyObject>
<referredKeyID>0ADC0827-5D08-E952-A5FD-183B066790AC</referredKeyID>
<mandatory>false</mandatory>
<transferable>true</transferable>
<rely>false</rely>
<columnDependencyConstraintGenerateInDDL>true</columnDependencyConstraintGenerateInDDL>
</FKIndexAssociation>