<?xml version = '1.0' encoding = 'UTF-8'?>
<FKIndexAssociation class="oracle.dbtools.crest.model.design.relational.FKIndexAssociation" directorySegmentName="seg_0" id="77EB6D5A-A70C-01F8-B08C-2A9E3B608EFD" containerWithKeyObject="9FBCA582-3CD4-2276-8B34-AF8458D71332" localFKIndex="C00543E4-E9BA-1EE9-2601-40EB4FA6E28B" name="F15E7_comments_F15E7_rfes_FK">
<createdBy>amnah</createdBy>
<createdTime>2015-11-24 17:57:54 UTC</createdTime>
<generatorID>01389C7E-F338-D8F4-6075-60A3DD07E560</generatorID>
<ownerDesignName>F15E7_logical</ownerDesignName>
<deleteRule>NO ACTION</deleteRule>
<referredTableID>CA8DA860-08C2-BB9E-152E-A710E0B75734</referredTableID>
<keyObject>F064D821-5822-CFE7-A4F2-4518F11F9A80</keyObject>
<referredKeyID>F064D821-5822-CFE7-A4F2-4518F11F9A80</referredKeyID>
<mandatory>false</mandatory>
<transferable>true</transferable>
<rely>false</rely>
<columnDependencyConstraintGenerateInDDL>true</columnDependencyConstraintGenerateInDDL>
</FKIndexAssociation>