<?xml version = '1.0' encoding = 'UTF-8'?>
<FKIndexAssociation class="oracle.dbtools.crest.model.design.relational.FKIndexAssociation" directorySegmentName="seg_0" id="7D9581C3-D9FC-48CD-2A52-AAFE425DCA9F" containerWithKeyObject="CE37D79A-5D50-98E0-79A7-2B764B270170" localFKIndex="4679C827-0F59-B6B3-EDD6-103F63F32EC0" name="F15E7_rfeTasks_F15E7_tasks_FK">
<createdBy>amnah</createdBy>
<createdTime>2015-11-24 17:57:54 UTC</createdTime>
<generatorID>F68EC0E4-C397-66D2-9892-CCB461180481</generatorID>
<ownerDesignName>F15E7_logical</ownerDesignName>
<deleteRule>NO ACTION</deleteRule>
<referredTableID>50A25598-9ADC-4650-C00A-6AB4F6CB5231</referredTableID>
<keyObject>229C3C3C-14C9-2686-9394-7B4A9BE6B860</keyObject>
<referredKeyID>229C3C3C-14C9-2686-9394-7B4A9BE6B860</referredKeyID>
<mandatory>false</mandatory>
<transferable>true</transferable>
<rely>false</rely>
<columnDependencyConstraintGenerateInDDL>true</columnDependencyConstraintGenerateInDDL>
</FKIndexAssociation>