<?xml version = '1.0' encoding = 'UTF-8'?>
<FKIndexAssociation class="oracle.dbtools.crest.model.design.relational.FKIndexAssociation" directorySegmentName="seg_0" id="94321084-0711-5FD8-6B13-6AED527484CB" containerWithKeyObject="EDA2108E-FCCA-49E3-DB4A-4D18FC55F837" localFKIndex="4DE0F0F0-8B90-42B5-7303-F65A25373C15" name="F15E7_empl_F15E7_labs_FK">
<createdBy>amnah</createdBy>
<createdTime>2015-11-24 17:57:54 UTC</createdTime>
<generatorID>E6A04DFC-2102-6679-AFD9-C746A37EA1D0</generatorID>
<ownerDesignName>F15E7_logical</ownerDesignName>
<deleteRule>NO ACTION</deleteRule>
<referredTableID>6BFBC9B1-4EA7-9711-4A5A-794FA41AB8C4</referredTableID>
<keyObject>F0711E89-E4F5-759F-1194-28A0925B6930</keyObject>
<referredKeyID>F0711E89-E4F5-759F-1194-28A0925B6930</referredKeyID>
<mandatory>false</mandatory>
<transferable>true</transferable>
<rely>false</rely>
<columnDependencyConstraintGenerateInDDL>true</columnDependencyConstraintGenerateInDDL>
</FKIndexAssociation>