<?xml version = '1.0' encoding = 'UTF-8'?>
<FKIndexAssociation class="oracle.dbtools.crest.model.design.relational.FKIndexAssociation" directorySegmentName="seg_0" id="B05A03AF-12A4-7511-BF46-2BB2A9CF2EFF" containerWithKeyObject="05BBE1CA-E065-2646-D1A7-2BDAAA510E32" localFKIndex="7F7B780C-C980-25D0-03C3-9B75BDE65304" name="F15E7_histr_F15E7_rfes_FK">
<createdBy>amnah</createdBy>
<createdTime>2015-11-24 17:57:54 UTC</createdTime>
<generatorID>89D9736C-9D21-5585-CA12-6E32175895CE</generatorID>
<ownerDesignName>F15E7_logical</ownerDesignName>
<deleteRule>NO ACTION</deleteRule>
<referredTableID>CA8DA860-08C2-BB9E-152E-A710E0B75734</referredTableID>
<keyObject>F064D821-5822-CFE7-A4F2-4518F11F9A80</keyObject>
<referredKeyID>F064D821-5822-CFE7-A4F2-4518F11F9A80</referredKeyID>
<mandatory>false</mandatory>
<transferable>true</transferable>
<rely>false</rely>
<columnDependencyConstraintGenerateInDDL>true</columnDependencyConstraintGenerateInDDL>
</FKIndexAssociation>