<?xml version = '1.0' encoding = 'UTF-8'?>
<FKIndexAssociation class="oracle.dbtools.crest.model.design.relational.FKIndexAssociation" directorySegmentName="seg_0" id="D300804A-55E5-978F-81C5-992DFD4A2C6D" containerWithKeyObject="4FB8F340-222C-052A-8DAC-EF37219DE100" localFKIndex="BE2136EF-0D72-C20C-87C8-D5F82DDF31FA" name="F15E7_approvers_F15E7_empl_FK">
<createdBy>amnah</createdBy>
<createdTime>2015-11-24 17:57:54 UTC</createdTime>
<generatorID>D1D922AC-FEB6-21D4-5667-F2FD3ED7A757</generatorID>
<ownerDesignName>F15E7_logical</ownerDesignName>
<deleteRule>NO ACTION</deleteRule>
<referredTableID>EDA2108E-FCCA-49E3-DB4A-4D18FC55F837</referredTableID>
<keyObject>0ADC0827-5D08-E952-A5FD-183B066790AC</keyObject>
<referredKeyID>0ADC0827-5D08-E952-A5FD-183B066790AC</referredKeyID>
<mandatory>false</mandatory>
<transferable>true</transferable>
<rely>false</rely>
<columnDependencyConstraintGenerateInDDL>true</columnDependencyConstraintGenerateInDDL>
</FKIndexAssociation>