<?xml version = '1.0' encoding = 'UTF-8'?>
<FKIndexAssociation class="oracle.dbtools.crest.model.design.relational.FKIndexAssociation" directorySegmentName="seg_0" id="D49240F6-0DA1-2D75-D81A-3698FB8E9FEE" containerWithKeyObject="EDA2108E-FCCA-49E3-DB4A-4D18FC55F837" localFKIndex="24CFF920-0A82-63A6-8117-29DDA5119025" name="F15E7_empl_F15E7_authr_FK">
<createdBy>amnah</createdBy>
<createdTime>2015-11-24 17:57:54 UTC</createdTime>
<generatorID>BBFFD3C6-AF51-E21B-6D6C-52BEFD3399A9</generatorID>
<ownerDesignName>F15E7_logical</ownerDesignName>
<deleteRule>NO ACTION</deleteRule>
<referredTableID>0AB9C07F-4CC3-752E-913D-F235E1ABDA3A</referredTableID>
<keyObject>EBD8A466-7CD5-4AE9-F1CA-66A0D7EC18D3</keyObject>
<referredKeyID>EBD8A466-7CD5-4AE9-F1CA-66A0D7EC18D3</referredKeyID>
<mandatory>false</mandatory>
<transferable>true</transferable>
<rely>false</rely>
<columnDependencyConstraintGenerateInDDL>true</columnDependencyConstraintGenerateInDDL>
</FKIndexAssociation>