<?xml version = '1.0' encoding = 'UTF-8'?>
<FKIndexAssociation class="oracle.dbtools.crest.model.design.relational.FKIndexAssociation" directorySegmentName="seg_0" id="D943AD4A-1E2A-C8E2-69D1-BA098BA36CAE" containerWithKeyObject="FE14EF73-DA0D-B4D5-2822-F24C2BF5B09C" localFKIndex="258D2CC9-849E-B9A1-1520-DE3BC34CC4FD" name="F15E7_contacts_F15E7_empl_FK">
<createdBy>amnah</createdBy>
<createdTime>2015-11-24 17:57:54 UTC</createdTime>
<generatorID>F8969AFA-DF6A-D70B-9A58-218E09CC7982</generatorID>
<ownerDesignName>F15E7_logical</ownerDesignName>
<deleteRule>NO ACTION</deleteRule>
<referredTableID>EDA2108E-FCCA-49E3-DB4A-4D18FC55F837</referredTableID>
<keyObject>0ADC0827-5D08-E952-A5FD-183B066790AC</keyObject>
<referredKeyID>0ADC0827-5D08-E952-A5FD-183B066790AC</referredKeyID>
<mandatory>false</mandatory>
<transferable>true</transferable>
<rely>false</rely>
<columnDependencyConstraintGenerateInDDL>true</columnDependencyConstraintGenerateInDDL>
</FKIndexAssociation>