<?xml version = '1.0' encoding = 'UTF-8'?>
<FKIndexAssociation class="oracle.dbtools.crest.model.design.relational.FKIndexAssociation" directorySegmentName="seg_0" id="DBD7FE62-27C2-6FDE-4D90-123ACDAECFA5" containerWithKeyObject="0AB9C07F-4CC3-752E-913D-F235E1ABDA3A" localFKIndex="0E5BB44D-DB45-AC8A-3DF1-4A2258A4EBC5" name="F15E7_authr_F15E7_empl_FK">
<createdBy>amnah</createdBy>
<createdTime>2015-11-24 17:57:54 UTC</createdTime>
<generatorID>BBFFD3C6-AF51-E21B-6D6C-52BEFD3399A9</generatorID>
<ownerDesignName>F15E7_logical</ownerDesignName>
<deleteRule>NO ACTION</deleteRule>
<referredTableID>EDA2108E-FCCA-49E3-DB4A-4D18FC55F837</referredTableID>
<keyObject>0ADC0827-5D08-E952-A5FD-183B066790AC</keyObject>
<referredKeyID>0ADC0827-5D08-E952-A5FD-183B066790AC</referredKeyID>
<mandatory>false</mandatory>
<transferable>true</transferable>
<rely>false</rely>
<columnDependencyConstraintGenerateInDDL>true</columnDependencyConstraintGenerateInDDL>
</FKIndexAssociation>