<?xml version = '1.0' encoding = 'UTF-8'?>
<Diagram class="oracle.dbtools.crest.swingui.logical.DPVLogical" name="Logical" id="85D38AEE-4169-0751-6B47-0CFA9B9977B1">
<createdBy>amnah</createdBy>
<modifiedBy>amnah</modifiedBy>
<createdTime>2015-11-10 06:17:23 UTC</createdTime>
<autoRoute>false</autoRoute>
<boxInbox>true</boxInbox>
<showLegend>false</showLegend>
<showLabels>false</showLabels>
<showRelAttributes>false</showRelAttributes>
<gridEnabled>false</gridEnabled>
<showGrid>false</showGrid>
<diagramColor>-1</diagramColor>
<display>false</display>
<notation>2</notation>
<objectViews>
<OView class="oracle.dbtools.crest.swingui.logical.TVEntity" oid="11E1F7D8-315E-AFCC-041C-97016620D0BB" otype="Entity" vid="74F18CE7-C7BC-7E2E-D181-1E45D38D802C">
<hideElementsInCurrentOnly>false</hideElementsInCurrentOnly>
<bounds x="1005" y="340" width="226" height="140"/>
</OView>
<OView class="oracle.dbtools.crest.swingui.logical.TVEntity" oid="46514589-1295-F19F-A71B-F07D20DC41F4" otype="Entity" vid="A02EADB3-80D7-23C5-A521-18215A948595">
<hideElementsInCurrentOnly>false</hideElementsInCurrentOnly>
<bounds x="949" y="6" width="170" height="110"/>
</OView>
<OView class="oracle.dbtools.crest.swingui.logical.TVEntity" oid="4AD5224D-EF18-6E8F-8AE6-6FA1F91F7F76" otype="Entity" vid="C6CB199B-0F1D-5876-0D0E-B648FB4636BF">
<hideElementsInCurrentOnly>false</hideElementsInCurrentOnly>
<bounds x="371" y="453" width="229" height="137"/>
</OView>
<OView class="oracle.dbtools.crest.swingui.logical.TVEntity" oid="4C40FED1-58C7-3655-457D-2E854E6EFCAE" otype="Entity" vid="5CA7624B-2877-5977-DD28-CDDB2A6D296C">
<hideElementsInCurrentOnly>false</hideElementsInCurrentOnly>
<bounds x="753" y="337" width="170" height="115"/>
</OView>
<OView class="oracle.dbtools.crest.swingui.logical.TVEntity" oid="57603E81-09D3-F28C-964C-64F454B800A4" otype="Entity" vid="C2D1C7BB-5C85-CEDA-2552-D7F98428412E">
<hideElementsInCurrentOnly>false</hideElementsInCurrentOnly>
<bounds x="581" y="1" width="243" height="245"/>
</OView>
<OView class="oracle.dbtools.crest.swingui.logical.TVEntity" oid="69407809-89EB-EE80-4E6B-D3DF8EFDEECB" otype="Entity" vid="BD1674D7-EC84-459F-7285-48F381B8AE39">
<hideElementsInCurrentOnly>false</hideElementsInCurrentOnly>
<bounds x="313" y="11" width="216" height="163"/>
</OView>
<OView class="oracle.dbtools.crest.swingui.logical.TVEntity" oid="7DD2562C-8ACD-9612-CC8E-0731B1B27A93" otype="Entity" vid="CE7C9F64-284E-7CE0-5A27-22E217B32D5D">
<hideElementsInCurrentOnly>false</hideElementsInCurrentOnly>
<bounds x="150" y="490" width="170" height="110"/>
</OView>
<OView class="oracle.dbtools.crest.swingui.logical.TVEntity" oid="8841DB8A-181D-20D8-721C-F9818D2BAF67" otype="Entity" vid="0BF40895-11BF-1275-103B-FD1CA4FCBF95">
<hideElementsInCurrentOnly>false</hideElementsInCurrentOnly>
<bounds x="997" y="136" width="205" height="165"/>
</OView>
<OView class="oracle.dbtools.crest.swingui.logical.TVEntity" oid="BA16A206-E206-EA62-C3F3-D7B71B299515" otype="Entity" vid="8D10F4A6-842A-3636-DC2C-482D5E734586">
<hideElementsInCurrentOnly>false</hideElementsInCurrentOnly>
<bounds x="29" y="19" width="200" height="258"/>
</OView>
<OView class="oracle.dbtools.crest.swingui.logical.TVEntity" oid="CEB2295F-0746-C855-F18B-A6E3BB2B0A7E" otype="Entity" vid="E140EFAB-9AA4-1636-4E50-C98B5ED51134">
<hideElementsInCurrentOnly>false</hideElementsInCurrentOnly>
<bounds x="314" y="194" width="223" height="126"/>
</OView>
<OView class="oracle.dbtools.crest.swingui.logical.TVEntity" oid="E296782D-33D4-2AB5-1033-EB7A3A4AC1A7" otype="Entity" vid="BB2F06FD-1A0F-3FCE-9719-851AB86C92F2">
<hideElementsInCurrentOnly>false</hideElementsInCurrentOnly>
<bounds x="25" y="363" width="170" height="110"/>
</OView>
<OView class="oracle.dbtools.crest.swingui.logical.TVEntity" oid="E558DEA2-99DE-3CA3-3689-07CC366CDE0A" otype="Entity" vid="5EA3DA52-5C0A-CED0-2D67-38BDC8E9490B">
<hideElementsInCurrentOnly>false</hideElementsInCurrentOnly>
<bounds x="608" y="495" width="224" height="136"/>
</OView>
</objectViews>
<connectors>
<Connector class="oracle.dbtools.crest.swingui.logical.TVRelation" oid="01389C7E-F338-D8F4-6075-60A3DD07E560" otype="Relation" vid_source="C2D1C7BB-5C85-CEDA-2552-D7F98428412E" vid_target="C6CB199B-0F1D-5876-0D0E-B648FB4636BF">
<hideElementsInCurrentOnly>false</hideElementsInCurrentOnly>
<lineWidth>1</lineWidth>
<points>
<point x="590" y="246"/>
<point x="590" y="453"/>
</points>
</Connector>
<Connector class="oracle.dbtools.crest.swingui.logical.TVRelation" oid="5A032F37-A235-6B74-8F7D-AFE5043C816C" otype="Relation" vid_source="C2D1C7BB-5C85-CEDA-2552-D7F98428412E" vid_target="BD1674D7-EC84-459F-7285-48F381B8AE39">
<hideElementsInCurrentOnly>false</hideElementsInCurrentOnly>
<lineWidth>1</lineWidth>
<points>
<point x="581" y="92"/>
<point x="529" y="92"/>
</points>
</Connector>
<Connector class="oracle.dbtools.crest.swingui.logical.TVRelation" oid="89D9736C-9D21-5585-CA12-6E32175895CE" otype="Relation" vid_source="C2D1C7BB-5C85-CEDA-2552-D7F98428412E" vid_target="A02EADB3-80D7-23C5-A521-18215A948595">
<hideElementsInCurrentOnly>false</hideElementsInCurrentOnly>
<lineWidth>1</lineWidth>
<points>
<point x="824" y="61"/>
<point x="949" y="61"/>
</points>
</Connector>
<Connector class="oracle.dbtools.crest.swingui.logical.TVRelation" oid="99B08D25-6291-AFCC-B9C9-AE740CD58203" otype="Relation" vid_source="C2D1C7BB-5C85-CEDA-2552-D7F98428412E" vid_target="E140EFAB-9AA4-1636-4E50-C98B5ED51134">
<hideElementsInCurrentOnly>false</hideElementsInCurrentOnly>
<lineWidth>1</lineWidth>
<points>
<point x="581" y="220"/>
<point x="537" y="220"/>
</points>
</Connector>
<Connector class="oracle.dbtools.crest.swingui.logical.TVRelation" oid="9F04D7B1-102B-64D1-D113-8BE4250A34F2" otype="Relation" vid_source="8D10F4A6-842A-3636-DC2C-482D5E734586" vid_target="C6CB199B-0F1D-5876-0D0E-B648FB4636BF">
<hideElementsInCurrentOnly>false</hideElementsInCurrentOnly>
<lineWidth>1</lineWidth>
<points>
<point x="229" y="148"/>
<point x="485" y="453"/>
</points>
</Connector>
<Connector class="oracle.dbtools.crest.swingui.logical.TVRelation" oid="BBFFD3C6-AF51-E21B-6D6C-52BEFD3399A9" otype="Relation" vid_source="8D10F4A6-842A-3636-DC2C-482D5E734586" vid_target="BB2F06FD-1A0F-3FCE-9719-851AB86C92F2">
<hideElementsInCurrentOnly>false</hideElementsInCurrentOnly>
<lineWidth>1</lineWidth>
<points>
<point x="112" y="277"/>
<point x="112" y="363"/>
</points>
</Connector>
<Connector class="oracle.dbtools.crest.swingui.logical.TVRelation" oid="D1D922AC-FEB6-21D4-5667-F2FD3ED7A757" otype="Relation" vid_source="8D10F4A6-842A-3636-DC2C-482D5E734586" vid_target="E140EFAB-9AA4-1636-4E50-C98B5ED51134">
<hideElementsInCurrentOnly>false</hideElementsInCurrentOnly>
<lineWidth>1</lineWidth>
<points>
<point x="229" y="235"/>
<point x="314" y="235"/>
</points>
</Connector>
<Connector class="oracle.dbtools.crest.swingui.logical.TVRelation" oid="D1F86B0B-FB67-4AA3-CE66-2C28A95CC054" otype="Relation" vid_source="8D10F4A6-842A-3636-DC2C-482D5E734586" vid_target="C2D1C7BB-5C85-CEDA-2552-D7F98428412E">
<hideElementsInCurrentOnly>false</hideElementsInCurrentOnly>
<lineWidth>1</lineWidth>
<points>
<point x="229" y="132"/>
<point x="581" y="132"/>
</points>
</Connector>
<Connector class="oracle.dbtools.crest.swingui.logical.TVRelation" oid="D787234A-C5ED-399A-4D0F-235370242969" otype="Relation" vid_source="5EA3DA52-5C0A-CED0-2D67-38BDC8E9490B" vid_target="C2D1C7BB-5C85-CEDA-2552-D7F98428412E">
<hideElementsInCurrentOnly>false</hideElementsInCurrentOnly>
<lineWidth>1</lineWidth>
<points>
<point x="716" y="495"/>
<point x="716" y="246"/>
</points>
</Connector>
<Connector class="oracle.dbtools.crest.swingui.logical.TVRelation" oid="E6A04DFC-2102-6679-AFD9-C746A37EA1D0" otype="Relation" vid_source="CE7C9F64-284E-7CE0-5A27-22E217B32D5D" vid_target="8D10F4A6-842A-3636-DC2C-482D5E734586">
<hideElementsInCurrentOnly>false</hideElementsInCurrentOnly>
<lineWidth>1</lineWidth>
<points>
<point x="189" y="490"/>
<point x="189" y="277"/>
</points>
</Connector>
<Connector class="oracle.dbtools.crest.swingui.logical.TVRelation" oid="EF074F5E-1800-6830-BAE0-4DEC15096B04" otype="Relation" vid_source="C2D1C7BB-5C85-CEDA-2552-D7F98428412E" vid_target="5CA7624B-2877-5977-DD28-CDDB2A6D296C">
<hideElementsInCurrentOnly>false</hideElementsInCurrentOnly>
<lineWidth>1</lineWidth>
<points>
<point x="788" y="246"/>
<point x="788" y="337"/>
</points>
</Connector>
<Connector class="oracle.dbtools.crest.swingui.logical.TVRelation" oid="F68EC0E4-C397-66D2-9892-CCB461180481" otype="Relation" vid_source="74F18CE7-C7BC-7E2E-D181-1E45D38D802C" vid_target="5CA7624B-2877-5977-DD28-CDDB2A6D296C">
<hideElementsInCurrentOnly>false</hideElementsInCurrentOnly>
<lineWidth>1</lineWidth>
<points>
<point x="1005" y="396"/>
<point x="923" y="396"/>
</points>
</Connector>
<Connector class="oracle.dbtools.crest.swingui.logical.TVRelation" oid="F8969AFA-DF6A-D70B-9A58-218E09CC7982" otype="Relation" vid_source="8D10F4A6-842A-3636-DC2C-482D5E734586" vid_target="BD1674D7-EC84-459F-7285-48F381B8AE39">
<hideElementsInCurrentOnly>false</hideElementsInCurrentOnly>
<lineWidth>1</lineWidth>
<points>
<point x="229" y="96"/>
<point x="313" y="96"/>
</points>
</Connector>
<Connector class="oracle.dbtools.crest.swingui.logical.TVRelation" oid="FBE913B1-F031-7873-B32F-145E389B962B" otype="Relation" vid_source="C2D1C7BB-5C85-CEDA-2552-D7F98428412E" vid_target="0BF40895-11BF-1275-103B-FD1CA4FCBF95">
<hideElementsInCurrentOnly>false</hideElementsInCurrentOnly>
<lineWidth>1</lineWidth>
<points>
<point x="824" y="191"/>
<point x="997" y="191"/>
</points>
</Connector>
</connectors>
</Diagram>