<?xml version = '1.0' encoding = 'UTF-8'?>
<Entity class="oracle.dbtools.crest.model.design.logical.Entity" directorySegmentName="seg_0" id="08DC83D3-59A2-5BC7-C468-79876AEA87C5" name="F15E7_exec_dir">
<createdBy>amnah</createdBy>
<createdTime>2015-11-02 22:05:54 UTC</createdTime>
<ownerDesignName>F15E7modified</ownerDesignName>
<engineerTo>
<item key="62EF0BD6-EC16-39EC-7541-1883BBDC001F" value="true"/>
</engineerTo>
<adequatelyNormalized>NO</adequatelyNormalized>
<expectedVolumes>0</expectedVolumes>
<fwdEngineeringStrategyName>Single Table</fwdEngineeringStrategyName>
<growthPercent>0</growthPercent>
<growthType>Year</growthType>
<hierarchicalParent>44503FD7-E448-1720-B351-C45E2F38AA3D</hierarchicalParent>
<maxVolumes>9999999</maxVolumes>
<minVolumes>0</minVolumes>
<normalForm>Third</normalForm>
<identifiers itemClass="oracle.dbtools.crest.model.design.logical.CandidateKey">
<identifier id="D7FEB879-2698-CAE2-BF35-8AB2107EBB82" name="F15E7_exec_dir PK">
<createdBy>amnah</createdBy>
<createdTime>2015-11-02 22:07:00 UTC</createdTime>
<ownerDesignName>F15E7modified</ownerDesignName>
<engineerTo>
<item key="62EF0BD6-EC16-39EC-7541-1883BBDC001F" value="true"/>
</engineerTo>
<pk>true</pk>
</identifier>
</identifiers>
</Entity>