<?xml version = '1.0' encoding = 'UTF-8'?>
<Entity class="oracle.dbtools.crest.model.design.logical.Entity" directorySegmentName="seg_0" id="4FA7A0F8-AA00-D06D-3355-5FA1A6F3CEB1" name="F15E7_authr">
<createdBy>amnah</createdBy>
<createdTime>2015-11-02 22:12:26 UTC</createdTime>
<ownerDesignName>F15E7modified</ownerDesignName>
<engineerTo>
<item key="62EF0BD6-EC16-39EC-7541-1883BBDC001F" value="true"/>
</engineerTo>
<adequatelyNormalized>NO</adequatelyNormalized>
<expectedVolumes>0</expectedVolumes>
<fwdEngineeringStrategyName>Single Table</fwdEngineeringStrategyName>
<growthPercent>0</growthPercent>
<growthType>Year</growthType>
<maxVolumes>9999999</maxVolumes>
<minVolumes>0</minVolumes>
<normalForm>Third</normalForm>
<attributes itemClass="oracle.dbtools.crest.model.design.logical.Attribute">
<Attribute name="auth_id" id="3A6098AD-3CF8-6E47-D479-8EE6BEDD6AD9">
<createdBy>amnah</createdBy>
<createdTime>2015-11-02 22:13:16 UTC</createdTime>
<ownerDesignName>F15E7modified</ownerDesignName>
<engineerTo>
<item key="62EF0BD6-EC16-39EC-7541-1883BBDC001F" value="true"/>
</engineerTo>
<useDomainConstraints>false</useDomainConstraints>
<use>1</use>
<logicalDatatype>LOGDT011</logicalDatatype>
<ownDataTypeParameters>,,</ownDataTypeParameters>
</Attribute>
<Attribute name="right" id="13EA0FE4-BC4B-C76F-B646-B2E92E9CA6EF">
<createdBy>amnah</createdBy>
<createdTime>2015-11-02 22:13:55 UTC</createdTime>
<ownerDesignName>F15E7modified</ownerDesignName>
<engineerTo>
<item key="62EF0BD6-EC16-39EC-7541-1883BBDC001F" value="true"/>
</engineerTo>
<nullsAllowed>true</nullsAllowed>
<useDomainConstraints>false</useDomainConstraints>
<use>1</use>
<logicalDatatype>LOGDT024</logicalDatatype>
<dataTypeSize>10</dataTypeSize>
<ownDataTypeParameters>10,,</ownDataTypeParameters>
</Attribute>
<Attribute name="emp_id" id="A8AF23D7-B8E2-3927-5522-824499B5C7AB">
<createdBy>amnah</createdBy>
<createdTime>2015-11-02 22:15:54 UTC</createdTime>
<generatorID>B7EA9B07-CF6B-8E3C-7A8B-A4D22D60F87B</generatorID>
<ownerDesignName>F15E7modified</ownerDesignName>
<engineerTo>
<item key="62EF0BD6-EC16-39EC-7541-1883BBDC001F" value="true"/>
</engineerTo>
<nullsAllowed>true</nullsAllowed>
<referedAttribute>9FD725DB-C4E1-BEC4-22EA-4457649436AE</referedAttribute>
<useDomainConstraints>false</useDomainConstraints>
<use>1</use>
<logicalDatatype>LOGDT011</logicalDatatype>
<ownDataTypeParameters>,,</ownDataTypeParameters>
</Attribute>
</attributes>
<identifiers itemClass="oracle.dbtools.crest.model.design.logical.CandidateKey">
<identifier id="D0981772-0C24-1C4C-143C-857A0750512D" name="F15E7_auth PK">
<createdBy>amnah</createdBy>
<createdTime>2015-11-02 22:13:26 UTC</createdTime>
<ownerDesignName>F15E7modified</ownerDesignName>
<engineerTo>
<item key="62EF0BD6-EC16-39EC-7541-1883BBDC001F" value="true"/>
</engineerTo>
<pk>true</pk>
<usedAttributes>
<attributeRef>3A6098AD-3CF8-6E47-D479-8EE6BEDD6AD9</attributeRef>
</usedAttributes>
</identifier>
</identifiers>
</Entity>