<?xml version = '1.0' encoding = 'UTF-8'?>
<Entity class="oracle.dbtools.crest.model.design.logical.Entity" directorySegmentName="seg_0" id="928D5565-C76C-8A1D-84E3-719A7A1619F6" name="F15E7_comments">
<createdBy>amnah</createdBy>
<createdTime>2015-11-02 22:36:28 UTC</createdTime>
<ownerDesignName>F15E7modified</ownerDesignName>
<engineerTo>
<item key="62EF0BD6-EC16-39EC-7541-1883BBDC001F" value="true"/>
</engineerTo>
<adequatelyNormalized>NO</adequatelyNormalized>
<expectedVolumes>0</expectedVolumes>
<fwdEngineeringStrategyName>Single Table</fwdEngineeringStrategyName>
<growthPercent>0</growthPercent>
<growthType>Year</growthType>
<maxVolumes>9999999</maxVolumes>
<minVolumes>0</minVolumes>
<normalForm>Third</normalForm>
<attributes itemClass="oracle.dbtools.crest.model.design.logical.Attribute">
<Attribute name="comment_id" id="F897C043-552B-89D7-DAA2-297F31E04118">
<createdBy>amnah</createdBy>
<createdTime>2015-11-02 22:36:37 UTC</createdTime>
<ownerDesignName>F15E7modified</ownerDesignName>
<engineerTo>
<item key="62EF0BD6-EC16-39EC-7541-1883BBDC001F" value="true"/>
</engineerTo>
<useDomainConstraints>false</useDomainConstraints>
<use>1</use>
<logicalDatatype>LOGDT011</logicalDatatype>
<ownDataTypeParameters>,,</ownDataTypeParameters>
</Attribute>
<Attribute name="comment_entry_date" id="388F624A-3497-C2DE-E6D6-78C3F651612D">
<createdBy>amnah</createdBy>
<createdTime>2015-11-23 19:31:55 UTC</createdTime>
<ownerDesignName>F15E7modified</ownerDesignName>
<engineerTo>
<item key="62EF0BD6-EC16-39EC-7541-1883BBDC001F" value="true"/>
</engineerTo>
<nullsAllowed>true</nullsAllowed>
<useDomainConstraints>false</useDomainConstraints>
<use>1</use>
<logicalDatatype>LOGDT007</logicalDatatype>
<ownDataTypeParameters>,,</ownDataTypeParameters>
</Attribute>
<Attribute name="comments" id="462131F3-354A-C139-0C4A-A9747DB3BB1D">
<createdBy>amnah</createdBy>
<createdTime>2015-11-23 19:32:15 UTC</createdTime>
<ownerDesignName>F15E7modified</ownerDesignName>
<engineerTo>
<item key="62EF0BD6-EC16-39EC-7541-1883BBDC001F" value="true"/>
</engineerTo>
<nullsAllowed>true</nullsAllowed>
<useDomainConstraints>false</useDomainConstraints>
<use>1</use>
<logicalDatatype>LOGDT024</logicalDatatype>
<dataTypeSize>4000</dataTypeSize>
<ownDataTypeParameters>4000,,</ownDataTypeParameters>
</Attribute>
<Attribute name="entered_by_emp_id" id="EFCE94B4-5FC2-5C45-8854-03520FD0F43D">
<createdBy>amnah</createdBy>
<createdTime>2015-11-23 19:32:37 UTC</createdTime>
<ownerDesignName>F15E7modified</ownerDesignName>
<engineerTo>
<item key="62EF0BD6-EC16-39EC-7541-1883BBDC001F" value="true"/>
</engineerTo>
<nullsAllowed>true</nullsAllowed>
<useDomainConstraints>false</useDomainConstraints>
<use>1</use>
<logicalDatatype>LOGDT011</logicalDatatype>
<ownDataTypeParameters>,,</ownDataTypeParameters>
</Attribute>
<Attribute name="rfe_id" id="C00CC593-2549-138D-C60F-1C99C040DF55">
<createdBy>amnah</createdBy>
<createdTime>2015-11-02 22:37:04 UTC</createdTime>
<generatorID>FB1958B8-4831-20DF-83F0-0CEBC0775F74</generatorID>
<ownerDesignName>F15E7modified</ownerDesignName>
<engineerTo>
<item key="62EF0BD6-EC16-39EC-7541-1883BBDC001F" value="true"/>
</engineerTo>
<nullsAllowed>true</nullsAllowed>
<referedAttribute>3C4CB088-C590-00B3-D3E7-322CE950C830</referedAttribute>
<useDomainConstraints>false</useDomainConstraints>
<use>1</use>
<logicalDatatype>LOGDT011</logicalDatatype>
<ownDataTypeParameters>,,</ownDataTypeParameters>
</Attribute>
<Attribute name="emp_id" id="C810014D-E7AA-093E-6AE3-A8889547A1B0">
<createdBy>amnah</createdBy>
<createdTime>2015-11-02 22:41:58 UTC</createdTime>
<generatorID>D699FBF0-D511-3A30-8F29-6EB3C98D6BBA</generatorID>
<ownerDesignName>F15E7modified</ownerDesignName>
<engineerTo>
<item key="62EF0BD6-EC16-39EC-7541-1883BBDC001F" value="true"/>
</engineerTo>
<nullsAllowed>true</nullsAllowed>
<referedAttribute>9FD725DB-C4E1-BEC4-22EA-4457649436AE</referedAttribute>
<useDomainConstraints>false</useDomainConstraints>
<use>1</use>
<logicalDatatype>LOGDT011</logicalDatatype>
<ownDataTypeParameters>,,</ownDataTypeParameters>
</Attribute>
</attributes>
<identifiers itemClass="oracle.dbtools.crest.model.design.logical.CandidateKey">
<identifier id="259E5F73-12E2-3B5E-6BFF-B0EA29F7DA7E" name="F15E7_comment PK">
<createdBy>amnah</createdBy>
<createdTime>2015-11-02 22:36:46 UTC</createdTime>
<ownerDesignName>F15E7modified</ownerDesignName>
<engineerTo>
<item key="62EF0BD6-EC16-39EC-7541-1883BBDC001F" value="true"/>
</engineerTo>
<pk>true</pk>
<usedAttributes>
<attributeRef>F897C043-552B-89D7-DAA2-297F31E04118</attributeRef>
</usedAttributes>
</identifier>
</identifiers>
</Entity>