<?xml version = '1.0' encoding = 'UTF-8'?>
<Entity class="oracle.dbtools.crest.model.design.logical.Entity" directorySegmentName="seg_0" id="EE2DA359-6F5E-C847-B266-C12BE49E86BC" name="F15E7_rfe">
<createdBy>amnah</createdBy>
<createdTime>2015-11-02 22:21:35 UTC</createdTime>
<ownerDesignName>F15E7modified</ownerDesignName>
<engineerTo>
<item key="62EF0BD6-EC16-39EC-7541-1883BBDC001F" value="true"/>
</engineerTo>
<adequatelyNormalized>NO</adequatelyNormalized>
<expectedVolumes>0</expectedVolumes>
<fwdEngineeringStrategyName>Single Table</fwdEngineeringStrategyName>
<growthPercent>0</growthPercent>
<growthType>Year</growthType>
<maxVolumes>9999999</maxVolumes>
<minVolumes>0</minVolumes>
<normalForm>Third</normalForm>
<attributes itemClass="oracle.dbtools.crest.model.design.logical.Attribute">
<Attribute name="rfe_id" id="3C4CB088-C590-00B3-D3E7-322CE950C830">
<createdBy>amnah</createdBy>
<createdTime>2015-11-02 22:21:43 UTC</createdTime>
<ownerDesignName>F15E7modified</ownerDesignName>
<engineerTo>
<item key="62EF0BD6-EC16-39EC-7541-1883BBDC001F" value="true"/>
</engineerTo>
<useDomainConstraints>false</useDomainConstraints>
<use>1</use>
<logicalDatatype>LOGDT011</logicalDatatype>
<ownDataTypeParameters>,,</ownDataTypeParameters>
</Attribute>
<Attribute name="explanation" id="78C79F3A-2D31-F50A-A1B1-9174C03998D0">
<createdBy>amnah</createdBy>
<createdTime>2015-11-23 19:37:53 UTC</createdTime>
<ownerDesignName>F15E7modified</ownerDesignName>
<engineerTo>
<item key="62EF0BD6-EC16-39EC-7541-1883BBDC001F" value="true"/>
</engineerTo>
<nullsAllowed>true</nullsAllowed>
<useDomainConstraints>false</useDomainConstraints>
<use>1</use>
<logicalDatatype>LOGDT024</logicalDatatype>
<dataTypeSize>4000</dataTypeSize>
<ownDataTypeParameters>4000,,</ownDataTypeParameters>
</Attribute>
<Attribute name="alt_protections" id="51A9BD0F-FD83-CBA4-C695-9030133A85E2">
<createdBy>amnah</createdBy>
<createdTime>2015-11-23 19:38:16 UTC</createdTime>
<ownerDesignName>F15E7modified</ownerDesignName>
<engineerTo>
<item key="62EF0BD6-EC16-39EC-7541-1883BBDC001F" value="true"/>
</engineerTo>
<nullsAllowed>true</nullsAllowed>
<useDomainConstraints>false</useDomainConstraints>
<use>1</use>
<logicalDatatype>LOGDT024</logicalDatatype>
<dataTypeSize>4000</dataTypeSize>
<ownDataTypeParameters>4000,,</ownDataTypeParameters>
</Attribute>
<Attribute name="approval_review_date" id="1B854AA1-4853-BF3F-8E8D-565AA4F48A47">
<createdBy>amnah</createdBy>
<createdTime>2015-11-23 19:38:33 UTC</createdTime>
<ownerDesignName>F15E7modified</ownerDesignName>
<engineerTo>
<item key="62EF0BD6-EC16-39EC-7541-1883BBDC001F" value="true"/>
</engineerTo>
<nullsAllowed>true</nullsAllowed>
<useDomainConstraints>false</useDomainConstraints>
<use>1</use>
<logicalDatatype>LOGDT007</logicalDatatype>
<ownDataTypeParameters>,,</ownDataTypeParameters>
</Attribute>
<Attribute name="emp_id" id="8B1AE35B-8FB8-F840-1DA4-48299BE2F3AD">
<createdBy>amnah</createdBy>
<createdTime>2015-11-02 22:24:16 UTC</createdTime>
<generatorID>F5142C66-D3EC-EFDF-32C5-73C74F656CDA</generatorID>
<ownerDesignName>F15E7modified</ownerDesignName>
<engineerTo>
<item key="62EF0BD6-EC16-39EC-7541-1883BBDC001F" value="true"/>
</engineerTo>
<nullsAllowed>true</nullsAllowed>
<referedAttribute>9FD725DB-C4E1-BEC4-22EA-4457649436AE</referedAttribute>
<useDomainConstraints>false</useDomainConstraints>
<use>1</use>
<logicalDatatype>LOGDT011</logicalDatatype>
<ownDataTypeParameters>,,</ownDataTypeParameters>
</Attribute>
<Attribute name="status_id" id="8AFCF4EF-B48C-404C-DFA5-A53D43938BDB">
<createdBy>amnah</createdBy>
<createdTime>2015-11-02 22:30:05 UTC</createdTime>
<generatorID>0020626A-C568-47BA-14D9-D7D8813F84D0</generatorID>
<ownerDesignName>F15E7modified</ownerDesignName>
<engineerTo>
<item key="62EF0BD6-EC16-39EC-7541-1883BBDC001F" value="true"/>
</engineerTo>
<nullsAllowed>true</nullsAllowed>
<referedAttribute>62ED722B-5719-F406-6A27-E45A6183356F</referedAttribute>
<useDomainConstraints>false</useDomainConstraints>
<use>1</use>
<logicalDatatype>LOGDT011</logicalDatatype>
<ownDataTypeParameters>,,</ownDataTypeParameters>
</Attribute>
<Attribute name="task_id" id="D8A0F92D-D6A0-92E0-DD4A-451E658C92F2">
<createdBy>amnah</createdBy>
<createdTime>2015-11-02 22:34:16 UTC</createdTime>
<generatorID>DB269342-8C89-AC55-13F8-0CE332945526</generatorID>
<ownerDesignName>F15E7modified</ownerDesignName>
<engineerTo>
<item key="62EF0BD6-EC16-39EC-7541-1883BBDC001F" value="true"/>
</engineerTo>
<nullsAllowed>true</nullsAllowed>
<referedAttribute>F2BCB952-F0A1-DEAD-211E-74B8C62CE11E</referedAttribute>
<useDomainConstraints>false</useDomainConstraints>
<use>1</use>
<logicalDatatype>LOGDT011</logicalDatatype>
<ownDataTypeParameters>,,</ownDataTypeParameters>
</Attribute>
</attributes>
<identifiers itemClass="oracle.dbtools.crest.model.design.logical.CandidateKey">
<identifier id="1E326813-9336-F875-7CD7-94AC12FAC3A4" name="F15E7_rfe PK">
<createdBy>amnah</createdBy>
<createdTime>2015-11-02 22:21:53 UTC</createdTime>
<ownerDesignName>F15E7modified</ownerDesignName>
<engineerTo>
<item key="62EF0BD6-EC16-39EC-7541-1883BBDC001F" value="true"/>
</engineerTo>
<pk>true</pk>
<usedAttributes>
<attributeRef>3C4CB088-C590-00B3-D3E7-322CE950C830</attributeRef>
</usedAttributes>
</identifier>
</identifiers>
</Entity>