<?xml version = '1.0' encoding = 'UTF-8'?>
<Table class="oracle.dbtools.crest.model.design.relational.Table" directorySegmentName="seg_0" id="0AB9C07F-4CC3-752E-913D-F235E1ABDA3A" name="F15E7_authr">
<createdBy>amnah</createdBy>
<createdTime>2015-11-24 17:57:54 UTC</createdTime>
<generatorID>E296782D-33D4-2AB5-1033-EB7A3A4AC1A7</generatorID>
<ownerDesignName>F15E7_logical</ownerDesignName>
<allowColumnReorder>false</allowColumnReorder>
<existDependencyGenerateInDDl>true</existDependencyGenerateInDDl>
<parsed>true</parsed>
<columns itemClass="oracle.dbtools.crest.model.design.relational.Column">
<Column name="auth_id" id="346ECDAB-E5B7-4DDB-82E1-115AB1A48F2B">
<createdBy>amnah</createdBy>
<createdTime>2015-11-24 17:57:54 UTC</createdTime>
<generatorID>73937E68-EDFE-14B2-AF56-018E13CD88EF</generatorID>
<ownerDesignName>F15E7_logical</ownerDesignName>
<useDomainConstraints>false</useDomainConstraints>
<use>1</use>
<logicalDatatype>LOGDT011</logicalDatatype>
<ownDataTypeParameters>,,</ownDataTypeParameters>
<autoIncrementCycle>false</autoIncrementCycle>
</Column>
<Column name="right" id="EEB91EBF-C459-65AE-7BBC-FD98D525E0DD">
<createdBy>amnah</createdBy>
<createdTime>2015-11-24 17:57:54 UTC</createdTime>
<generatorID>631DD6EC-1294-296C-8665-B0A9877AF993</generatorID>
<ownerDesignName>F15E7_logical</ownerDesignName>
<nullsAllowed>true</nullsAllowed>
<useDomainConstraints>false</useDomainConstraints>
<use>1</use>
<logicalDatatype>LOGDT024</logicalDatatype>
<dataTypeSize>10</dataTypeSize>
<ownDataTypeParameters>10,,</ownDataTypeParameters>
<autoIncrementCycle>false</autoIncrementCycle>
</Column>
<Column name="F15E7_empl_emp_id" id="C6E6A076-BF3F-C47C-036D-10F98337CEB7">
<createdBy>amnah</createdBy>
<createdTime>2015-11-24 17:57:54 UTC</createdTime>
<generatorID>C5FF13B6-8257-7C66-A126-1B2D03029CEB</generatorID>
<ownerDesignName>F15E7_logical</ownerDesignName>
<nullsAllowed>true</nullsAllowed>
<useDomainConstraints>false</useDomainConstraints>
<use>1</use>
<logicalDatatype>LOGDT011</logicalDatatype>
<ownDataTypeParameters>,,</ownDataTypeParameters>
<previousColumn>false</previousColumn>
<autoIncrementCycle>false</autoIncrementCycle>
<associations>
<colAssociation fkAssociation="DBD7FE62-27C2-6FDE-4D90-123ACDAECFA5" referredColumn="9E7DE9CE-0D98-F48E-8661-21AF5BC0B403"/>
</associations>
</Column>
</columns>
<indexes itemClass="oracle.dbtools.crest.model.design.relational.Index">
<ind_PK_UK id="EBD8A466-7CD5-4AE9-F1CA-66A0D7EC18D3" name="F15E7_authr_PK">
<createdBy>amnah</createdBy>
<createdTime>2015-11-24 17:57:54 UTC</createdTime>
<generatorID>2E106A64-A14D-D395-2C47-6EFB2F3466E5</generatorID>
<ownerDesignName>F15E7_logical</ownerDesignName>
<pk>true</pk>
<indexState>Primary Constraint</indexState>
<isSurrogateKey>false</isSurrogateKey>
<indexColumnUsage>
<colUsage columnID="346ECDAB-E5B7-4DDB-82E1-115AB1A48F2B"/>
</indexColumnUsage>
</ind_PK_UK>
<ind_PK_UK id="94F8316A-8C0D-D192-0191-8F51539A2D2F" name="F15E7_authr__IDX">
<createdBy>amnah</createdBy>
<createdTime>2015-11-24 17:57:54 UTC</createdTime>
<ownerDesignName>F15E7_logical</ownerDesignName>
<indexState>Unique Plain Index</indexState>
<isSurrogateKey>false</isSurrogateKey>
<relationGeneratorID>BBFFD3C6-AF51-E21B-6D6C-52BEFD3399A9</relationGeneratorID>
<indexColumnUsage>
<colUsage columnID="C6E6A076-BF3F-C47C-036D-10F98337CEB7"/>
</indexColumnUsage>
</ind_PK_UK>
<ind_PK_UK id="0E5BB44D-DB45-AC8A-3DF1-4A2258A4EBC5" name="F15E7_authr_F15E7_empl_FK">
<createdBy>amnah</createdBy>
<createdTime>2015-11-24 17:57:54 UTC</createdTime>
<generatorID>BBFFD3C6-AF51-E21B-6D6C-52BEFD3399A9</generatorID>
<ownerDesignName>F15E7_logical</ownerDesignName>
<indexState>Foreign Key</indexState>
<isSurrogateKey>false</isSurrogateKey>
<indexColumnUsage>
<colUsage columnID="C6E6A076-BF3F-C47C-036D-10F98337CEB7"/>
</indexColumnUsage>
</ind_PK_UK>
</indexes>
</Table>