<?xml version = '1.0' encoding = 'UTF-8'?>
<Table class="oracle.dbtools.crest.model.design.relational.Table" directorySegmentName="seg_0" id="4FB8F340-222C-052A-8DAC-EF37219DE100" name="F15E7_approvers">
<createdBy>amnah</createdBy>
<createdTime>2015-11-24 17:57:54 UTC</createdTime>
<generatorID>CEB2295F-0746-C855-F18B-A6E3BB2B0A7E</generatorID>
<ownerDesignName>F15E7_logical</ownerDesignName>
<allowColumnReorder>false</allowColumnReorder>
<existDependencyGenerateInDDl>true</existDependencyGenerateInDDl>
<parsed>true</parsed>
<columns itemClass="oracle.dbtools.crest.model.design.relational.Column">
<Column name="approver_id" id="84660844-D030-E2B6-BC9D-652EF5EC3A2A">
<createdBy>amnah</createdBy>
<createdTime>2015-11-24 17:57:54 UTC</createdTime>
<generatorID>97FFDA85-B409-CB35-9C4A-B81731F0D173</generatorID>
<ownerDesignName>F15E7_logical</ownerDesignName>
<useDomainConstraints>false</useDomainConstraints>
<use>1</use>
<logicalDatatype>LOGDT011</logicalDatatype>
<ownDataTypeParameters>,,</ownDataTypeParameters>
<autoIncrementCycle>false</autoIncrementCycle>
</Column>
<Column name="approved_date" id="317DD6B3-386D-7939-4FF2-74BF6C2EE31D">
<createdBy>amnah</createdBy>
<createdTime>2015-11-24 17:57:54 UTC</createdTime>
<generatorID>CBC4D4AC-34B2-CCAE-7DF1-F3A992250AF5</generatorID>
<ownerDesignName>F15E7_logical</ownerDesignName>
<nullsAllowed>true</nullsAllowed>
<useDomainConstraints>false</useDomainConstraints>
<use>1</use>
<logicalDatatype>LOGDT007</logicalDatatype>
<ownDataTypeParameters>,,</ownDataTypeParameters>
<autoIncrementCycle>false</autoIncrementCycle>
</Column>
<Column name="entered_by_emp_id" id="CDB917EC-A62D-6566-62D7-B94864668691">
<createdBy>amnah</createdBy>
<createdTime>2015-11-24 17:57:54 UTC</createdTime>
<generatorID>8A816A2B-29A5-A76F-4026-F8D54CF8AE74</generatorID>
<ownerDesignName>F15E7_logical</ownerDesignName>
<nullsAllowed>true</nullsAllowed>
<useDomainConstraints>false</useDomainConstraints>
<use>1</use>
<logicalDatatype>LOGDT011</logicalDatatype>
<ownDataTypeParameters>,,</ownDataTypeParameters>
<autoIncrementCycle>false</autoIncrementCycle>
</Column>
<Column name="comments" id="07392854-A128-9814-C15D-7131ABEDDF3B">
<createdBy>amnah</createdBy>
<createdTime>2015-11-24 17:57:54 UTC</createdTime>
<generatorID>7FA43EB4-BEF3-CB3A-024B-26AFA37A8DAB</generatorID>
<ownerDesignName>F15E7_logical</ownerDesignName>
<nullsAllowed>true</nullsAllowed>
<useDomainConstraints>false</useDomainConstraints>
<use>1</use>
<logicalDatatype>LOGDT024</logicalDatatype>
<dataTypeSize>4000</dataTypeSize>
<ownDataTypeParameters>4000,,</ownDataTypeParameters>
<autoIncrementCycle>false</autoIncrementCycle>
</Column>
<Column name="F15E7_rfes_rfe_id" id="5A79ED74-C65C-5975-88D2-7F779B53CFAA">
<createdBy>amnah</createdBy>
<createdTime>2015-11-24 17:57:54 UTC</createdTime>
<generatorID>F3CA79DB-5AC6-5558-0B34-7AC88BEE2EA8</generatorID>
<ownerDesignName>F15E7_logical</ownerDesignName>
<nullsAllowed>true</nullsAllowed>
<useDomainConstraints>false</useDomainConstraints>
<use>1</use>
<logicalDatatype>LOGDT011</logicalDatatype>
<ownDataTypeParameters>,,</ownDataTypeParameters>
<previousColumn>false</previousColumn>
<autoIncrementCycle>false</autoIncrementCycle>
<associations>
<colAssociation fkAssociation="43AF1AF8-9B6D-060E-F09E-EBC079131D99" referredColumn="E9834B3D-3090-76F9-2240-7CE29449DBCB"/>
</associations>
</Column>
<Column name="F15E7_empl_emp_id" id="DB9AB378-B8BA-95E0-346C-45A3F1719887">
<createdBy>amnah</createdBy>
<createdTime>2015-11-24 17:57:54 UTC</createdTime>
<generatorID>058BEE07-00C3-A3BC-B637-ED53F363807B</generatorID>
<ownerDesignName>F15E7_logical</ownerDesignName>
<nullsAllowed>true</nullsAllowed>
<useDomainConstraints>false</useDomainConstraints>
<use>1</use>
<logicalDatatype>LOGDT011</logicalDatatype>
<ownDataTypeParameters>,,</ownDataTypeParameters>
<previousColumn>false</previousColumn>
<autoIncrementCycle>false</autoIncrementCycle>
<associations>
<colAssociation fkAssociation="D300804A-55E5-978F-81C5-992DFD4A2C6D" referredColumn="9E7DE9CE-0D98-F48E-8661-21AF5BC0B403"/>
</associations>
</Column>
</columns>
<indexes itemClass="oracle.dbtools.crest.model.design.relational.Index">
<ind_PK_UK id="F6222232-5A82-3DEF-F64B-FF109B6D17A4" name="F15E7_approvers_PK">
<createdBy>amnah</createdBy>
<createdTime>2015-11-24 17:57:54 UTC</createdTime>
<generatorID>E5B5652E-E8C3-0EB2-3A9C-B3F16A1982E5</generatorID>
<ownerDesignName>F15E7_logical</ownerDesignName>
<pk>true</pk>
<indexState>Primary Constraint</indexState>
<isSurrogateKey>false</isSurrogateKey>
<indexColumnUsage>
<colUsage columnID="84660844-D030-E2B6-BC9D-652EF5EC3A2A"/>
</indexColumnUsage>
</ind_PK_UK>
<ind_PK_UK id="BE2136EF-0D72-C20C-87C8-D5F82DDF31FA" name="F15E7_approvers_F15E7_empl_FK">
<createdBy>amnah</createdBy>
<createdTime>2015-11-24 17:57:54 UTC</createdTime>
<generatorID>D1D922AC-FEB6-21D4-5667-F2FD3ED7A757</generatorID>
<ownerDesignName>F15E7_logical</ownerDesignName>
<indexState>Foreign Key</indexState>
<isSurrogateKey>false</isSurrogateKey>
<indexColumnUsage>
<colUsage columnID="DB9AB378-B8BA-95E0-346C-45A3F1719887"/>
</indexColumnUsage>
</ind_PK_UK>
<ind_PK_UK id="62401C8F-ACE9-3391-AAED-F813D16D2DEE" name="F15E7_approvers_F15E7_rfes_FK">
<createdBy>amnah</createdBy>
<createdTime>2015-11-24 17:57:54 UTC</createdTime>
<generatorID>99B08D25-6291-AFCC-B9C9-AE740CD58203</generatorID>
<ownerDesignName>F15E7_logical</ownerDesignName>
<indexState>Foreign Key</indexState>
<isSurrogateKey>false</isSurrogateKey>
<indexColumnUsage>
<colUsage columnID="5A79ED74-C65C-5975-88D2-7F779B53CFAA"/>
</indexColumnUsage>
</ind_PK_UK>
</indexes>
</Table>