<?xml version = '1.0' encoding = 'UTF-8'?>
<Table class="oracle.dbtools.crest.model.design.relational.Table" directorySegmentName="seg_0" id="6CD1525F-79E2-A5C8-97C5-C75AA895A861" name="F15E7_stat">
<createdBy>amnah</createdBy>
<createdTime>2015-11-24 17:57:54 UTC</createdTime>
<generatorID>E558DEA2-99DE-3CA3-3689-07CC366CDE0A</generatorID>
<ownerDesignName>F15E7_logical</ownerDesignName>
<allowColumnReorder>false</allowColumnReorder>
<existDependencyGenerateInDDl>true</existDependencyGenerateInDDl>
<parsed>true</parsed>
<columns itemClass="oracle.dbtools.crest.model.design.relational.Column">
<Column name="status_id" id="EC82AE1A-C21C-733C-0812-0A3B2B1EC578">
<createdBy>amnah</createdBy>
<createdTime>2015-11-24 17:57:54 UTC</createdTime>
<generatorID>55CC0518-551E-334D-AF80-FB9EA16A8102</generatorID>
<ownerDesignName>F15E7_logical</ownerDesignName>
<useDomainConstraints>false</useDomainConstraints>
<use>1</use>
<logicalDatatype>LOGDT011</logicalDatatype>
<ownDataTypeParameters>,,</ownDataTypeParameters>
<autoIncrementCycle>false</autoIncrementCycle>
</Column>
<Column name="rfe_status" id="8EC36E9C-5326-A4A9-BCDD-13224B0F8AA9">
<createdBy>amnah</createdBy>
<createdTime>2015-11-24 17:57:54 UTC</createdTime>
<generatorID>1DCA4334-20AD-AB03-7303-BE7E5D866B6B</generatorID>
<ownerDesignName>F15E7_logical</ownerDesignName>
<nullsAllowed>true</nullsAllowed>
<useDomainConstraints>false</useDomainConstraints>
<use>1</use>
<logicalDatatype>LOGDT024</logicalDatatype>
<dataTypeSize>30</dataTypeSize>
<ownDataTypeParameters>30,,</ownDataTypeParameters>
<autoIncrementCycle>false</autoIncrementCycle>
</Column>
<Column name="description" id="9F5BDFF5-122F-A18C-41F3-5140AE4DD1F8">
<createdBy>amnah</createdBy>
<createdTime>2015-11-24 17:57:54 UTC</createdTime>
<generatorID>AFC88DE4-D2AF-82A7-9786-46014CF66E28</generatorID>
<ownerDesignName>F15E7_logical</ownerDesignName>
<nullsAllowed>true</nullsAllowed>
<useDomainConstraints>false</useDomainConstraints>
<use>1</use>
<logicalDatatype>LOGDT024</logicalDatatype>
<dataTypeSize>500</dataTypeSize>
<ownDataTypeParameters>500,,</ownDataTypeParameters>
<autoIncrementCycle>false</autoIncrementCycle>
</Column>
</columns>
<indexes itemClass="oracle.dbtools.crest.model.design.relational.Index">
<ind_PK_UK id="7A86EC22-AEDF-799A-7DF6-D5CB7EF07452" name="F15E7_stat_PK">
<createdBy>amnah</createdBy>
<createdTime>2015-11-24 17:57:54 UTC</createdTime>
<generatorID>1159C350-F50C-AF5A-F16F-4222C2294E5D</generatorID>
<ownerDesignName>F15E7_logical</ownerDesignName>
<pk>true</pk>
<indexState>Primary Constraint</indexState>
<isSurrogateKey>false</isSurrogateKey>
<indexColumnUsage>
<colUsage columnID="EC82AE1A-C21C-733C-0812-0A3B2B1EC578"/>
</indexColumnUsage>
</ind_PK_UK>
</indexes>
</Table>