<?xml version = '1.0' encoding = 'UTF-8'?>
<Table class="oracle.dbtools.crest.model.design.relational.Table" directorySegmentName="seg_0" id="93401C73-5B8F-7E5C-F313-7B977F3CAA1D" name="F15E7_docs">
<createdBy>amnah</createdBy>
<createdTime>2015-11-24 17:57:54 UTC</createdTime>
<generatorID>8841DB8A-181D-20D8-721C-F9818D2BAF67</generatorID>
<ownerDesignName>F15E7_logical</ownerDesignName>
<allowColumnReorder>false</allowColumnReorder>
<existDependencyGenerateInDDl>true</existDependencyGenerateInDDl>
<parsed>true</parsed>
<columns itemClass="oracle.dbtools.crest.model.design.relational.Column">
<Column name="doc_id" id="FB11898A-BBCC-53DC-F21C-BB44FA77F1A2">
<createdBy>amnah</createdBy>
<createdTime>2015-11-24 17:57:54 UTC</createdTime>
<generatorID>EADE555C-86F0-EC4E-4595-3A3DC4875F85</generatorID>
<ownerDesignName>F15E7_logical</ownerDesignName>
<useDomainConstraints>false</useDomainConstraints>
<use>1</use>
<logicalDatatype>LOGDT011</logicalDatatype>
<ownDataTypeParameters>,,</ownDataTypeParameters>
<autoIncrementCycle>false</autoIncrementCycle>
</Column>
<Column name="filename" id="D900FB74-7690-BD05-72B4-6459B93B9015">
<createdBy>amnah</createdBy>
<createdTime>2015-11-24 17:57:54 UTC</createdTime>
<generatorID>9B6654AD-AACC-866E-E219-F5742B3C2517</generatorID>
<ownerDesignName>F15E7_logical</ownerDesignName>
<nullsAllowed>true</nullsAllowed>
<useDomainConstraints>false</useDomainConstraints>
<use>1</use>
<logicalDatatype>LOGDT024</logicalDatatype>
<dataTypeSize>4000</dataTypeSize>
<ownDataTypeParameters>4000,,</ownDataTypeParameters>
<autoIncrementCycle>false</autoIncrementCycle>
</Column>
<Column name="file_mimetype" id="90E587A1-A7C4-5BF6-4F91-16ECBDAFF10F">
<createdBy>amnah</createdBy>
<createdTime>2015-11-24 17:57:54 UTC</createdTime>
<generatorID>DF792045-0FE2-4F7B-390F-9D2433505612</generatorID>
<ownerDesignName>F15E7_logical</ownerDesignName>
<nullsAllowed>true</nullsAllowed>
<useDomainConstraints>false</useDomainConstraints>
<use>1</use>
<logicalDatatype>LOGDT024</logicalDatatype>
<dataTypeSize>512</dataTypeSize>
<ownDataTypeParameters>512,,</ownDataTypeParameters>
<autoIncrementCycle>false</autoIncrementCycle>
</Column>
<Column name="file_charset" id="BC0892AA-3EAA-026D-F313-8848C23C06C8">
<createdBy>amnah</createdBy>
<createdTime>2015-11-24 17:57:54 UTC</createdTime>
<generatorID>D4FD737A-CA2E-C307-6E8D-3C835236309B</generatorID>
<ownerDesignName>F15E7_logical</ownerDesignName>
<nullsAllowed>true</nullsAllowed>
<useDomainConstraints>false</useDomainConstraints>
<use>1</use>
<logicalDatatype>LOGDT024</logicalDatatype>
<dataTypeSize>512</dataTypeSize>
<ownDataTypeParameters>512,,</ownDataTypeParameters>
<autoIncrementCycle>false</autoIncrementCycle>
</Column>
<Column name="file_blob" id="4999F6F8-2B05-83FA-3BB6-0CE7BD1A7E2C">
<createdBy>amnah</createdBy>
<createdTime>2015-11-24 17:57:54 UTC</createdTime>
<generatorID>5E2B10B9-D5BF-69BE-04D2-F77C546C3DA6</generatorID>
<ownerDesignName>F15E7_logical</ownerDesignName>
<nullsAllowed>true</nullsAllowed>
<useDomainConstraints>false</useDomainConstraints>
<use>1</use>
<logicalDatatype>LOGDT029</logicalDatatype>
<ownDataTypeParameters>,,</ownDataTypeParameters>
<autoIncrementCycle>false</autoIncrementCycle>
</Column>
<Column name="file_comments" id="116E9147-40EB-23EE-F61B-2FB3B37219B8">
<createdBy>amnah</createdBy>
<createdTime>2015-11-24 17:57:54 UTC</createdTime>
<generatorID>115742A7-1E2B-801A-4DE9-12283E3802AA</generatorID>
<ownerDesignName>F15E7_logical</ownerDesignName>
<nullsAllowed>true</nullsAllowed>
<useDomainConstraints>false</useDomainConstraints>
<use>1</use>
<logicalDatatype>LOGDT024</logicalDatatype>
<dataTypeSize>4000</dataTypeSize>
<ownDataTypeParameters>4000,,</ownDataTypeParameters>
<autoIncrementCycle>false</autoIncrementCycle>
</Column>
<Column name="tags" id="2782B76F-BFD8-6BEA-B6DF-0EF63E3775DC">
<createdBy>amnah</createdBy>
<createdTime>2015-11-24 17:57:54 UTC</createdTime>
<generatorID>67A9B284-72D4-0EBF-699E-3744C41167CD</generatorID>
<ownerDesignName>F15E7_logical</ownerDesignName>
<nullsAllowed>true</nullsAllowed>
<useDomainConstraints>false</useDomainConstraints>
<use>1</use>
<logicalDatatype>LOGDT024</logicalDatatype>
<dataTypeSize>4000</dataTypeSize>
<ownDataTypeParameters>4000,,</ownDataTypeParameters>
<autoIncrementCycle>false</autoIncrementCycle>
</Column>
<Column name="F15E7_rfes_rfe_id" id="A9BA7A2A-628D-3022-BB50-CCC423F0A545">
<createdBy>amnah</createdBy>
<createdTime>2015-11-24 17:57:54 UTC</createdTime>
<generatorID>371F2C93-4502-7A00-8039-DE5216F8AB92</generatorID>
<ownerDesignName>F15E7_logical</ownerDesignName>
<nullsAllowed>true</nullsAllowed>
<useDomainConstraints>false</useDomainConstraints>
<use>1</use>
<logicalDatatype>LOGDT011</logicalDatatype>
<ownDataTypeParameters>,,</ownDataTypeParameters>
<previousColumn>false</previousColumn>
<autoIncrementCycle>false</autoIncrementCycle>
<associations>
<colAssociation fkAssociation="22ED0750-3A15-EB16-8CA1-446449BDFF8E" referredColumn="E9834B3D-3090-76F9-2240-7CE29449DBCB"/>
</associations>
</Column>
</columns>
<indexes itemClass="oracle.dbtools.crest.model.design.relational.Index">
<ind_PK_UK id="6102D1D7-224B-1269-7BB2-06437B0D6A4D" name="F15E7_docs_PK">
<createdBy>amnah</createdBy>
<createdTime>2015-11-24 17:57:54 UTC</createdTime>
<generatorID>DD57FBEA-C924-7BAC-EB2E-36BE4D376028</generatorID>
<ownerDesignName>F15E7_logical</ownerDesignName>
<pk>true</pk>
<indexState>Primary Constraint</indexState>
<isSurrogateKey>false</isSurrogateKey>
<indexColumnUsage>
<colUsage columnID="FB11898A-BBCC-53DC-F21C-BB44FA77F1A2"/>
</indexColumnUsage>
</ind_PK_UK>
<ind_PK_UK id="5CF0D4FA-296F-2A95-A75B-A46EE8010EF6" name="F15E7_docs_F15E7_rfes_FK">
<createdBy>amnah</createdBy>
<createdTime>2015-11-24 17:57:54 UTC</createdTime>
<generatorID>FBE913B1-F031-7873-B32F-145E389B962B</generatorID>
<ownerDesignName>F15E7_logical</ownerDesignName>
<indexState>Foreign Key</indexState>
<isSurrogateKey>false</isSurrogateKey>
<indexColumnUsage>
<colUsage columnID="A9BA7A2A-628D-3022-BB50-CCC423F0A545"/>
</indexColumnUsage>
</ind_PK_UK>
</indexes>
</Table>