<?xml version = '1.0' encoding = 'UTF-8'?>
<Table class="oracle.dbtools.crest.model.design.relational.Table" directorySegmentName="seg_0" id="9FBCA582-3CD4-2276-8B34-AF8458D71332" name="F15E7_comments">
<createdBy>amnah</createdBy>
<createdTime>2015-11-24 17:57:54 UTC</createdTime>
<generatorID>4AD5224D-EF18-6E8F-8AE6-6FA1F91F7F76</generatorID>
<ownerDesignName>F15E7_logical</ownerDesignName>
<allowColumnReorder>false</allowColumnReorder>
<existDependencyGenerateInDDl>true</existDependencyGenerateInDDl>
<parsed>true</parsed>
<columns itemClass="oracle.dbtools.crest.model.design.relational.Column">
<Column name="comment_id" id="F2F6CCF7-17F8-DE90-7D21-0659DE8C2741">
<createdBy>amnah</createdBy>
<createdTime>2015-11-24 17:57:54 UTC</createdTime>
<generatorID>0E81D558-98E0-B6FD-2C0A-A02ED4927508</generatorID>
<ownerDesignName>F15E7_logical</ownerDesignName>
<useDomainConstraints>false</useDomainConstraints>
<use>1</use>
<logicalDatatype>LOGDT011</logicalDatatype>
<ownDataTypeParameters>,,</ownDataTypeParameters>
<autoIncrementCycle>false</autoIncrementCycle>
</Column>
<Column name="comment_entry_date" id="6F133D1C-06A1-203B-7123-50A9160B2574">
<createdBy>amnah</createdBy>
<createdTime>2015-11-24 17:57:54 UTC</createdTime>
<generatorID>FD818226-84CB-77AF-D6C8-1F55BE5126F2</generatorID>
<ownerDesignName>F15E7_logical</ownerDesignName>
<nullsAllowed>true</nullsAllowed>
<useDomainConstraints>false</useDomainConstraints>
<use>1</use>
<logicalDatatype>LOGDT007</logicalDatatype>
<ownDataTypeParameters>,,</ownDataTypeParameters>
<autoIncrementCycle>false</autoIncrementCycle>
</Column>
<Column name="comments" id="6F793408-5040-242B-DD58-8332CD38F374">
<createdBy>amnah</createdBy>
<createdTime>2015-11-24 17:57:54 UTC</createdTime>
<generatorID>E310B95C-E544-4A40-5C4D-D7030947B1E3</generatorID>
<ownerDesignName>F15E7_logical</ownerDesignName>
<nullsAllowed>true</nullsAllowed>
<useDomainConstraints>false</useDomainConstraints>
<use>1</use>
<logicalDatatype>LOGDT024</logicalDatatype>
<dataTypeSize>4000</dataTypeSize>
<ownDataTypeParameters>4000,,</ownDataTypeParameters>
<autoIncrementCycle>false</autoIncrementCycle>
</Column>
<Column name="entered_by_emp_id" id="025AA80A-B23B-9FA2-33A7-549A4721E0D9">
<createdBy>amnah</createdBy>
<createdTime>2015-11-24 17:57:54 UTC</createdTime>
<generatorID>32CA3A8F-B6AA-872D-ADA5-9230A895CA09</generatorID>
<ownerDesignName>F15E7_logical</ownerDesignName>
<nullsAllowed>true</nullsAllowed>
<useDomainConstraints>false</useDomainConstraints>
<use>1</use>
<logicalDatatype>LOGDT011</logicalDatatype>
<ownDataTypeParameters>,,</ownDataTypeParameters>
<autoIncrementCycle>false</autoIncrementCycle>
</Column>
<Column name="F15E7_rfes_rfe_id" id="C052FC0A-F468-4C94-4CCC-8DF938A76806">
<createdBy>amnah</createdBy>
<createdTime>2015-11-24 17:57:54 UTC</createdTime>
<generatorID>75AB8459-6817-5A19-08F4-1DF0E458C067</generatorID>
<ownerDesignName>F15E7_logical</ownerDesignName>
<nullsAllowed>true</nullsAllowed>
<useDomainConstraints>false</useDomainConstraints>
<use>1</use>
<logicalDatatype>LOGDT011</logicalDatatype>
<ownDataTypeParameters>,,</ownDataTypeParameters>
<previousColumn>false</previousColumn>
<autoIncrementCycle>false</autoIncrementCycle>
<associations>
<colAssociation fkAssociation="77EB6D5A-A70C-01F8-B08C-2A9E3B608EFD" referredColumn="E9834B3D-3090-76F9-2240-7CE29449DBCB"/>
</associations>
</Column>
<Column name="F15E7_empl_emp_id" id="A153A2B5-6573-73E9-E32F-7EB8ECB7B6ED">
<createdBy>amnah</createdBy>
<createdTime>2015-11-24 17:57:54 UTC</createdTime>
<generatorID>DF7ACE1D-7867-9E2F-815E-4B33321FFE2A</generatorID>
<ownerDesignName>F15E7_logical</ownerDesignName>
<nullsAllowed>true</nullsAllowed>
<useDomainConstraints>false</useDomainConstraints>
<use>1</use>
<logicalDatatype>LOGDT011</logicalDatatype>
<ownDataTypeParameters>,,</ownDataTypeParameters>
<previousColumn>false</previousColumn>
<autoIncrementCycle>false</autoIncrementCycle>
<associations>
<colAssociation fkAssociation="1C390BFF-5D71-047A-C66F-3D0F906163FE" referredColumn="9E7DE9CE-0D98-F48E-8661-21AF5BC0B403"/>
</associations>
</Column>
</columns>
<indexes itemClass="oracle.dbtools.crest.model.design.relational.Index">
<ind_PK_UK id="9C80A243-2B8A-89E5-8CB4-3B8EF0775A33" name="F15E7_comments_PK">
<createdBy>amnah</createdBy>
<createdTime>2015-11-24 17:57:54 UTC</createdTime>
<generatorID>4E49430C-0D13-4B4C-0238-EAD5DBAD5108</generatorID>
<ownerDesignName>F15E7_logical</ownerDesignName>
<pk>true</pk>
<indexState>Primary Constraint</indexState>
<isSurrogateKey>false</isSurrogateKey>
<indexColumnUsage>
<colUsage columnID="F2F6CCF7-17F8-DE90-7D21-0659DE8C2741"/>
</indexColumnUsage>
</ind_PK_UK>
<ind_PK_UK id="C00543E4-E9BA-1EE9-2601-40EB4FA6E28B" name="F15E7_comments_F15E7_rfes_FK">
<createdBy>amnah</createdBy>
<createdTime>2015-11-24 17:57:54 UTC</createdTime>
<generatorID>01389C7E-F338-D8F4-6075-60A3DD07E560</generatorID>
<ownerDesignName>F15E7_logical</ownerDesignName>
<indexState>Foreign Key</indexState>
<isSurrogateKey>false</isSurrogateKey>
<indexColumnUsage>
<colUsage columnID="C052FC0A-F468-4C94-4CCC-8DF938A76806"/>
</indexColumnUsage>
</ind_PK_UK>
<ind_PK_UK id="1743E934-A109-E8FB-F5B4-CAE89C5200E0" name="F15E7_comments_F15E7_empl_FK">
<createdBy>amnah</createdBy>
<createdTime>2015-11-24 17:57:54 UTC</createdTime>
<generatorID>9F04D7B1-102B-64D1-D113-8BE4250A34F2</generatorID>
<ownerDesignName>F15E7_logical</ownerDesignName>
<indexState>Foreign Key</indexState>
<isSurrogateKey>false</isSurrogateKey>
<indexColumnUsage>
<colUsage columnID="A153A2B5-6573-73E9-E32F-7EB8ECB7B6ED"/>
</indexColumnUsage>
</ind_PK_UK>
</indexes>
</Table>