<?xml version = '1.0' encoding = 'UTF-8'?>
<Table class="oracle.dbtools.crest.model.design.relational.Table" directorySegmentName="seg_0" id="CA8DA860-08C2-BB9E-152E-A710E0B75734" name="F15E7_rfes">
<createdBy>amnah</createdBy>
<createdTime>2015-11-24 17:57:54 UTC</createdTime>
<generatorID>57603E81-09D3-F28C-964C-64F454B800A4</generatorID>
<ownerDesignName>F15E7_logical</ownerDesignName>
<allowColumnReorder>false</allowColumnReorder>
<existDependencyGenerateInDDl>true</existDependencyGenerateInDDl>
<parsed>true</parsed>
<columns itemClass="oracle.dbtools.crest.model.design.relational.Column">
<Column name="rfe_id" id="E9834B3D-3090-76F9-2240-7CE29449DBCB">
<createdBy>amnah</createdBy>
<createdTime>2015-11-24 17:57:54 UTC</createdTime>
<generatorID>EBFBD894-4199-98F0-17F2-B8D1B3CFDDA0</generatorID>
<ownerDesignName>F15E7_logical</ownerDesignName>
<useDomainConstraints>false</useDomainConstraints>
<use>1</use>
<logicalDatatype>LOGDT011</logicalDatatype>
<ownDataTypeParameters>,,</ownDataTypeParameters>
<autoIncrementCycle>false</autoIncrementCycle>
</Column>
<Column name="explanation" id="6648964C-5CE7-EB89-15FD-977EEC3D47E9">
<createdBy>amnah</createdBy>
<createdTime>2015-11-24 17:57:54 UTC</createdTime>
<generatorID>1C187CD4-0FC7-0D00-F294-19702153E77D</generatorID>
<ownerDesignName>F15E7_logical</ownerDesignName>
<nullsAllowed>true</nullsAllowed>
<useDomainConstraints>false</useDomainConstraints>
<use>1</use>
<logicalDatatype>LOGDT024</logicalDatatype>
<dataTypeSize>4000</dataTypeSize>
<ownDataTypeParameters>4000,,</ownDataTypeParameters>
<autoIncrementCycle>false</autoIncrementCycle>
</Column>
<Column name="alt_protections" id="EDE6BBA6-EC98-4FBB-3EE6-4792CA374A17">
<createdBy>amnah</createdBy>
<createdTime>2015-11-24 17:57:54 UTC</createdTime>
<generatorID>008799E6-60DE-9259-464A-878DBC07BC76</generatorID>
<ownerDesignName>F15E7_logical</ownerDesignName>
<nullsAllowed>true</nullsAllowed>
<useDomainConstraints>false</useDomainConstraints>
<use>1</use>
<logicalDatatype>LOGDT024</logicalDatatype>
<dataTypeSize>4000</dataTypeSize>
<ownDataTypeParameters>4000,,</ownDataTypeParameters>
<autoIncrementCycle>false</autoIncrementCycle>
</Column>
<Column name="approval_review_date" id="3E697EA0-5AA9-0F3B-5549-819565325F57">
<createdBy>amnah</createdBy>
<createdTime>2015-11-24 17:57:54 UTC</createdTime>
<generatorID>B9F18D16-0D0B-8B89-9B0F-B488490E3612</generatorID>
<ownerDesignName>F15E7_logical</ownerDesignName>
<nullsAllowed>true</nullsAllowed>
<useDomainConstraints>false</useDomainConstraints>
<use>1</use>
<logicalDatatype>LOGDT007</logicalDatatype>
<ownDataTypeParameters>,,</ownDataTypeParameters>
<autoIncrementCycle>false</autoIncrementCycle>
</Column>
<Column name="F15E7_stat_status_id" id="E8B519EE-FDA2-FBBB-0BCC-F00DAE347C01">
<createdBy>amnah</createdBy>
<createdTime>2015-11-24 17:57:54 UTC</createdTime>
<generatorID>1702D7F7-90DC-2FE7-7311-453F2D2CED35</generatorID>
<ownerDesignName>F15E7_logical</ownerDesignName>
<nullsAllowed>true</nullsAllowed>
<useDomainConstraints>false</useDomainConstraints>
<use>1</use>
<logicalDatatype>LOGDT011</logicalDatatype>
<ownDataTypeParameters>,,</ownDataTypeParameters>
<previousColumn>false</previousColumn>
<autoIncrementCycle>false</autoIncrementCycle>
<associations>
<colAssociation fkAssociation="2B72D671-F99F-4EBA-FD1F-C2C556AA8060" referredColumn="EC82AE1A-C21C-733C-0812-0A3B2B1EC578"/>
</associations>
</Column>
<Column name="F15E7_task_task_id" id="7045A13A-08EF-E5D7-0A99-6F51253756CE">
<createdBy>amnah</createdBy>
<createdTime>2015-11-24 17:57:54 UTC</createdTime>
<generatorID>77860B55-86E6-A3B4-D11A-737ACF5D685C</generatorID>
<ownerDesignName>F15E7_logical</ownerDesignName>
<nullsAllowed>true</nullsAllowed>
<useDomainConstraints>false</useDomainConstraints>
<use>1</use>
<logicalDatatype>LOGDT011</logicalDatatype>
<ownDataTypeParameters>,,</ownDataTypeParameters>
<previousColumn>false</previousColumn>
<autoIncrementCycle>false</autoIncrementCycle>
</Column>
<Column name="F15E7_empl_emp_id" id="20DC3B16-5E80-3DDB-4B5C-303413BE542C">
<createdBy>amnah</createdBy>
<createdTime>2015-11-24 17:57:54 UTC</createdTime>
<generatorID>37E995EF-D565-E9DD-D23D-0DAE26ACF54C</generatorID>
<ownerDesignName>F15E7_logical</ownerDesignName>
<nullsAllowed>true</nullsAllowed>
<useDomainConstraints>false</useDomainConstraints>
<use>1</use>
<logicalDatatype>LOGDT011</logicalDatatype>
<ownDataTypeParameters>,,</ownDataTypeParameters>
<previousColumn>false</previousColumn>
<autoIncrementCycle>false</autoIncrementCycle>
<associations>
<colAssociation fkAssociation="73F3B2B3-C8EA-AC7C-411C-13D003E23CBD" referredColumn="9E7DE9CE-0D98-F48E-8661-21AF5BC0B403"/>
</associations>
</Column>
</columns>
<indexes itemClass="oracle.dbtools.crest.model.design.relational.Index">
<ind_PK_UK id="F064D821-5822-CFE7-A4F2-4518F11F9A80" name="F15E7_rfes_PK">
<createdBy>amnah</createdBy>
<createdTime>2015-11-24 17:57:54 UTC</createdTime>
<generatorID>48D665CC-91E1-7E55-C9F6-EF1D9ADAD0DA</generatorID>
<ownerDesignName>F15E7_logical</ownerDesignName>
<pk>true</pk>
<indexState>Primary Constraint</indexState>
<isSurrogateKey>false</isSurrogateKey>
<indexColumnUsage>
<colUsage columnID="E9834B3D-3090-76F9-2240-7CE29449DBCB"/>
</indexColumnUsage>
</ind_PK_UK>
<ind_PK_UK id="D100A9F4-FF67-5290-0D85-CF0A0A253041" name="F15E7_rfes_F15E7_stat_FK">
<createdBy>amnah</createdBy>
<createdTime>2015-11-24 17:57:54 UTC</createdTime>
<generatorID>D787234A-C5ED-399A-4D0F-235370242969</generatorID>
<ownerDesignName>F15E7_logical</ownerDesignName>
<indexState>Foreign Key</indexState>
<isSurrogateKey>false</isSurrogateKey>
<indexColumnUsage>
<colUsage columnID="E8B519EE-FDA2-FBBB-0BCC-F00DAE347C01"/>
</indexColumnUsage>
</ind_PK_UK>
<ind_PK_UK id="58E59C8B-5A28-2383-F6B7-2E96C1DD6F2E" name="F15E7_rfes_F15E7_empl_FK">
<createdBy>amnah</createdBy>
<createdTime>2015-11-24 17:57:54 UTC</createdTime>
<generatorID>D1F86B0B-FB67-4AA3-CE66-2C28A95CC054</generatorID>
<ownerDesignName>F15E7_logical</ownerDesignName>
<indexState>Foreign Key</indexState>
<isSurrogateKey>false</isSurrogateKey>
<indexColumnUsage>
<colUsage columnID="20DC3B16-5E80-3DDB-4B5C-303413BE542C"/>
</indexColumnUsage>
</ind_PK_UK>
</indexes>
</Table>