<?xml version = '1.0' encoding = 'UTF-8'?>
<Table class="oracle.dbtools.crest.model.design.relational.Table" directorySegmentName="seg_0" id="CE37D79A-5D50-98E0-79A7-2B764B270170" name="F15E7_rfeTasks">
<createdBy>amnah</createdBy>
<createdTime>2015-11-24 17:57:54 UTC</createdTime>
<generatorID>4C40FED1-58C7-3655-457D-2E854E6EFCAE</generatorID>
<ownerDesignName>F15E7_logical</ownerDesignName>
<allowColumnReorder>false</allowColumnReorder>
<existDependencyGenerateInDDl>true</existDependencyGenerateInDDl>
<parsed>true</parsed>
<columns itemClass="oracle.dbtools.crest.model.design.relational.Column">
<Column name="rfeTask_id" id="BF64B9B1-4854-F361-7EDE-BA15369318D5">
<createdBy>amnah</createdBy>
<createdTime>2015-11-24 17:57:54 UTC</createdTime>
<generatorID>F66D0FC2-91AB-A533-206A-313E8FB47083</generatorID>
<ownerDesignName>F15E7_logical</ownerDesignName>
<useDomainConstraints>false</useDomainConstraints>
<use>1</use>
<logicalDatatype>LOGDT011</logicalDatatype>
<ownDataTypeParameters>,,</ownDataTypeParameters>
<autoIncrementCycle>false</autoIncrementCycle>
</Column>
<Column name="effective_date" id="B27FE515-B050-8931-251E-7D91733DB049">
<createdBy>amnah</createdBy>
<createdTime>2015-11-24 17:57:54 UTC</createdTime>
<generatorID>3810A57F-68B4-6168-BC83-C34F833A547C</generatorID>
<ownerDesignName>F15E7_logical</ownerDesignName>
<nullsAllowed>true</nullsAllowed>
<useDomainConstraints>false</useDomainConstraints>
<use>1</use>
<logicalDatatype>LOGDT007</logicalDatatype>
<ownDataTypeParameters>,,</ownDataTypeParameters>
<autoIncrementCycle>false</autoIncrementCycle>
</Column>
<Column name="F15E7_rfes_rfe_id" id="1A0FEC81-6027-38B1-F89A-7F2274F9AE7F">
<createdBy>amnah</createdBy>
<createdTime>2015-11-24 17:57:54 UTC</createdTime>
<generatorID>8E5DCE60-05A4-098B-A3A9-09941191270C</generatorID>
<ownerDesignName>F15E7_logical</ownerDesignName>
<nullsAllowed>true</nullsAllowed>
<useDomainConstraints>false</useDomainConstraints>
<use>1</use>
<logicalDatatype>LOGDT011</logicalDatatype>
<ownDataTypeParameters>,,</ownDataTypeParameters>
<previousColumn>false</previousColumn>
<autoIncrementCycle>false</autoIncrementCycle>
<associations>
<colAssociation fkAssociation="602001FE-EA0F-801B-5293-086CBD22E24D" referredColumn="E9834B3D-3090-76F9-2240-7CE29449DBCB"/>
</associations>
</Column>
<Column name="F15E7_tasks_task_id" id="0F79E2E2-CDBD-512F-0374-84C2172AD8A9">
<createdBy>amnah</createdBy>
<createdTime>2015-11-24 17:57:54 UTC</createdTime>
<generatorID>A07FA5B7-1F4E-EF2F-BF11-5B68D9E1AEFF</generatorID>
<ownerDesignName>F15E7_logical</ownerDesignName>
<nullsAllowed>true</nullsAllowed>
<useDomainConstraints>false</useDomainConstraints>
<use>1</use>
<logicalDatatype>LOGDT011</logicalDatatype>
<ownDataTypeParameters>,,</ownDataTypeParameters>
<previousColumn>false</previousColumn>
<autoIncrementCycle>false</autoIncrementCycle>
<associations>
<colAssociation fkAssociation="7D9581C3-D9FC-48CD-2A52-AAFE425DCA9F" referredColumn="3B89A47B-282D-7AA2-EB7D-B7E98FEE3698"/>
</associations>
</Column>
</columns>
<indexes itemClass="oracle.dbtools.crest.model.design.relational.Index">
<ind_PK_UK id="FAF286B0-450D-5ADB-FDB8-A1A2174956B4" name="F15E7_rfeTasks_PK">
<createdBy>amnah</createdBy>
<createdTime>2015-11-24 17:57:54 UTC</createdTime>
<generatorID>C9F454AF-7046-C064-249B-B9B3F8DCF0E5</generatorID>
<ownerDesignName>F15E7_logical</ownerDesignName>
<pk>true</pk>
<indexState>Primary Constraint</indexState>
<isSurrogateKey>false</isSurrogateKey>
<indexColumnUsage>
<colUsage columnID="BF64B9B1-4854-F361-7EDE-BA15369318D5"/>
</indexColumnUsage>
</ind_PK_UK>
<ind_PK_UK id="FCF48072-83CF-9DB4-D43F-0D781BF7A465" name="F15E7_rfeTasks_F15E7_rfes_FK">
<createdBy>amnah</createdBy>
<createdTime>2015-11-24 17:57:54 UTC</createdTime>
<generatorID>EF074F5E-1800-6830-BAE0-4DEC15096B04</generatorID>
<ownerDesignName>F15E7_logical</ownerDesignName>
<indexState>Foreign Key</indexState>
<isSurrogateKey>false</isSurrogateKey>
<indexColumnUsage>
<colUsage columnID="1A0FEC81-6027-38B1-F89A-7F2274F9AE7F"/>
</indexColumnUsage>
</ind_PK_UK>
<ind_PK_UK id="4679C827-0F59-B6B3-EDD6-103F63F32EC0" name="F15E7_rfeTasks_F15E7_tasks_FK">
<createdBy>amnah</createdBy>
<createdTime>2015-11-24 17:57:54 UTC</createdTime>
<generatorID>F68EC0E4-C397-66D2-9892-CCB461180481</generatorID>
<ownerDesignName>F15E7_logical</ownerDesignName>
<indexState>Foreign Key</indexState>
<isSurrogateKey>false</isSurrogateKey>
<indexColumnUsage>
<colUsage columnID="0F79E2E2-CDBD-512F-0374-84C2172AD8A9"/>
</indexColumnUsage>
</ind_PK_UK>
</indexes>
</Table>