<?xml version = '1.0' encoding = 'UTF-8'?>
<Entity class="oracle.dbtools.crest.model.design.logical.Entity" directorySegmentName="seg_0" id="46514589-1295-F19F-A71B-F07D20DC41F4" name="F15E7_histr">
<createdBy>amnah</createdBy>
<createdTime>2015-11-10 06:18:27 UTC</createdTime>
<ownerDesignName>F15E7_logical</ownerDesignName>
<engineerTo>
<item key="AA1BE2B1-6B24-1960-2AEE-34787765A389" value="true"/>
</engineerTo>
<adequatelyNormalized>NO</adequatelyNormalized>
<expectedVolumes>0</expectedVolumes>
<fwdEngineeringStrategyName>Single Table</fwdEngineeringStrategyName>
<growthPercent>0</growthPercent>
<growthType>Year</growthType>
<maxVolumes>9999999</maxVolumes>
<minVolumes>0</minVolumes>
<normalForm>Third</normalForm>
<attributes itemClass="oracle.dbtools.crest.model.design.logical.Attribute">
<Attribute name="hist_id" id="E26AA550-EB12-07DA-9072-857105FC2CA1">
<createdBy>amnah</createdBy>
<createdTime>2015-11-10 06:18:27 UTC</createdTime>
<ownerDesignName>F15E7_logical</ownerDesignName>
<importedID>E7202752-B36D-3C18-82B4-41EEA6029419</importedID>
<engineerTo>
<item key="AA1BE2B1-6B24-1960-2AEE-34787765A389" value="true"/>
</engineerTo>
<useDomainConstraints>false</useDomainConstraints>
<use>1</use>
<logicalDatatype>LOGDT011</logicalDatatype>
<ownDataTypeParameters>,,</ownDataTypeParameters>
</Attribute>
<Attribute name="date_modified" id="5C6DFDC1-F77E-26A8-312B-52063F12451B">
<createdBy>amnah</createdBy>
<createdTime>2015-11-10 06:27:25 UTC</createdTime>
<ownerDesignName>F15E7_logical</ownerDesignName>
<engineerTo>
<item key="AA1BE2B1-6B24-1960-2AEE-34787765A389" value="true"/>
</engineerTo>
<nullsAllowed>true</nullsAllowed>
<useDomainConstraints>false</useDomainConstraints>
<use>1</use>
<logicalDatatype>LOGDT007</logicalDatatype>
<ownDataTypeParameters>,,</ownDataTypeParameters>
</Attribute>
<Attribute name="status_code" id="C3E43C96-558D-36C7-3357-3092FA55CB3B">
<createdBy>amnah</createdBy>
<createdTime>2015-11-22 13:44:06 UTC</createdTime>
<ownerDesignName>F15E7_logical</ownerDesignName>
<engineerTo>
<item key="AA1BE2B1-6B24-1960-2AEE-34787765A389" value="true"/>
</engineerTo>
<nullsAllowed>true</nullsAllowed>
<useDomainConstraints>false</useDomainConstraints>
<use>1</use>
<logicalDatatype>LOGDT024</logicalDatatype>
<dataTypeSize>1</dataTypeSize>
<ownDataTypeParameters>1,,</ownDataTypeParameters>
</Attribute>
<Attribute name="rfe_id" id="9169F2A4-632A-1C30-F133-DEBD5CE15A7F">
<createdBy>amnah</createdBy>
<createdTime>2015-11-10 06:18:27 UTC</createdTime>
<generatorID>89D9736C-9D21-5585-CA12-6E32175895CE</generatorID>
<ownerDesignName>F15E7_logical</ownerDesignName>
<importedID>AEF41D18-39F5-8A5D-A60B-43EB1ED792D5</importedID>
<engineerTo>
<item key="AA1BE2B1-6B24-1960-2AEE-34787765A389" value="true"/>
</engineerTo>
<nullsAllowed>true</nullsAllowed>
<referedAttribute>EBFBD894-4199-98F0-17F2-B8D1B3CFDDA0</referedAttribute>
<useDomainConstraints>false</useDomainConstraints>
<use>1</use>
<logicalDatatype>LOGDT011</logicalDatatype>
<ownDataTypeParameters>,,</ownDataTypeParameters>
</Attribute>
</attributes>
<identifiers itemClass="oracle.dbtools.crest.model.design.logical.CandidateKey">
<identifier id="8D69F8ED-186A-947A-F3EC-34D72EF2A19B" name="F15E7_hist PK">
<createdBy>amnah</createdBy>
<createdTime>2015-11-10 06:18:27 UTC</createdTime>
<ownerDesignName>F15E7_logical</ownerDesignName>
<engineerTo>
<item key="AA1BE2B1-6B24-1960-2AEE-34787765A389" value="true"/>
</engineerTo>
<pk>true</pk>
<usedAttributes>
<attributeRef>E26AA550-EB12-07DA-9072-857105FC2CA1</attributeRef>
</usedAttributes>
</identifier>
</identifiers>
</Entity>