<?xml version = '1.0' encoding = 'UTF-8'?>
<Entity class="oracle.dbtools.crest.model.design.logical.Entity" directorySegmentName="seg_0" id="4C40FED1-58C7-3655-457D-2E854E6EFCAE" name="F15E7_rfeTasks">
<createdBy>amnah</createdBy>
<createdTime>2015-11-15 20:11:58 UTC</createdTime>
<ownerDesignName>F15E7_logical</ownerDesignName>
<engineerTo>
<item key="AA1BE2B1-6B24-1960-2AEE-34787765A389" value="true"/>
</engineerTo>
<adequatelyNormalized>NO</adequatelyNormalized>
<expectedVolumes>0</expectedVolumes>
<fwdEngineeringStrategyName>Single Table</fwdEngineeringStrategyName>
<growthPercent>0</growthPercent>
<growthType>Year</growthType>
<maxVolumes>9999999</maxVolumes>
<minVolumes>0</minVolumes>
<normalForm>Third</normalForm>
<attributes itemClass="oracle.dbtools.crest.model.design.logical.Attribute">
<Attribute name="rfeTask_id" id="F66D0FC2-91AB-A533-206A-313E8FB47083">
<createdBy>amnah</createdBy>
<createdTime>2015-11-15 20:12:37 UTC</createdTime>
<ownerDesignName>F15E7_logical</ownerDesignName>
<engineerTo>
<item key="AA1BE2B1-6B24-1960-2AEE-34787765A389" value="true"/>
</engineerTo>
<useDomainConstraints>false</useDomainConstraints>
<use>1</use>
<logicalDatatype>LOGDT011</logicalDatatype>
<ownDataTypeParameters>,,</ownDataTypeParameters>
</Attribute>
<Attribute name="effective_date" id="3810A57F-68B4-6168-BC83-C34F833A547C">
<createdBy>amnah</createdBy>
<createdTime>2015-11-19 19:44:45 UTC</createdTime>
<ownerDesignName>F15E7_logical</ownerDesignName>
<engineerTo>
<item key="AA1BE2B1-6B24-1960-2AEE-34787765A389" value="true"/>
</engineerTo>
<nullsAllowed>true</nullsAllowed>
<useDomainConstraints>false</useDomainConstraints>
<use>1</use>
<logicalDatatype>LOGDT007</logicalDatatype>
<ownDataTypeParameters>,,</ownDataTypeParameters>
</Attribute>
<Attribute name="rfe_id" id="8E5DCE60-05A4-098B-A3A9-09941191270C">
<createdBy>amnah</createdBy>
<createdTime>2015-11-15 20:17:20 UTC</createdTime>
<generatorID>EF074F5E-1800-6830-BAE0-4DEC15096B04</generatorID>
<ownerDesignName>F15E7_logical</ownerDesignName>
<engineerTo>
<item key="AA1BE2B1-6B24-1960-2AEE-34787765A389" value="true"/>
</engineerTo>
<nullsAllowed>true</nullsAllowed>
<referedAttribute>EBFBD894-4199-98F0-17F2-B8D1B3CFDDA0</referedAttribute>
<useDomainConstraints>false</useDomainConstraints>
<use>1</use>
<logicalDatatype>LOGDT011</logicalDatatype>
<ownDataTypeParameters>,,</ownDataTypeParameters>
</Attribute>
<Attribute name="task_id" id="A07FA5B7-1F4E-EF2F-BF11-5B68D9E1AEFF">
<createdBy>amnah</createdBy>
<createdTime>2015-11-15 20:17:35 UTC</createdTime>
<generatorID>F68EC0E4-C397-66D2-9892-CCB461180481</generatorID>
<ownerDesignName>F15E7_logical</ownerDesignName>
<engineerTo>
<item key="AA1BE2B1-6B24-1960-2AEE-34787765A389" value="true"/>
</engineerTo>
<nullsAllowed>true</nullsAllowed>
<referedAttribute>7BE2804D-B3C1-05B4-A4A2-7496600346D7</referedAttribute>
<useDomainConstraints>false</useDomainConstraints>
<use>1</use>
<logicalDatatype>LOGDT011</logicalDatatype>
<ownDataTypeParameters>,,</ownDataTypeParameters>
</Attribute>
</attributes>
<identifiers itemClass="oracle.dbtools.crest.model.design.logical.CandidateKey">
<identifier id="C9F454AF-7046-C064-249B-B9B3F8DCF0E5" name="F15E7_rfeTask PK">
<createdBy>amnah</createdBy>
<createdTime>2015-11-15 20:12:55 UTC</createdTime>
<ownerDesignName>F15E7_logical</ownerDesignName>
<engineerTo>
<item key="AA1BE2B1-6B24-1960-2AEE-34787765A389" value="true"/>
</engineerTo>
<pk>true</pk>
<usedAttributes>
<attributeRef>F66D0FC2-91AB-A533-206A-313E8FB47083</attributeRef>
</usedAttributes>
</identifier>
</identifiers>
</Entity>