<?xml version = '1.0' encoding = 'UTF-8'?>
<Entity class="oracle.dbtools.crest.model.design.logical.Entity" directorySegmentName="seg_0" id="6253F52B-8245-EB24-542F-49316C645ED9" name="F15E7_task">
<createdBy>amnah</createdBy>
<createdTime>2015-11-10 06:25:56 UTC</createdTime>
<ownerDesignName>F15E7_logical</ownerDesignName>
<engineerTo>
<item key="AA1BE2B1-6B24-1960-2AEE-34787765A389" value="true"/>
</engineerTo>
<adequatelyNormalized>NO</adequatelyNormalized>
<expectedVolumes>0</expectedVolumes>
<fwdEngineeringStrategyName>Single Table</fwdEngineeringStrategyName>
<growthPercent>0</growthPercent>
<growthType>Year</growthType>
<maxVolumes>9999999</maxVolumes>
<minVolumes>0</minVolumes>
<normalForm>Third</normalForm>
<attributes itemClass="oracle.dbtools.crest.model.design.logical.Attribute">
<Attribute name="task_id" id="711DB658-13A4-AEE0-E112-8384BC622373">
<createdBy>amnah</createdBy>
<createdTime>2015-11-10 06:25:56 UTC</createdTime>
<ownerDesignName>F15E7_logical</ownerDesignName>
<importedID>5FD554BD-774D-4F1B-9C3C-2C89710B5105</importedID>
<engineerTo>
<item key="AA1BE2B1-6B24-1960-2AEE-34787765A389" value="true"/>
</engineerTo>
<useDomainConstraints>false</useDomainConstraints>
<use>1</use>
<logicalDatatype>LOGDT011</logicalDatatype>
<ownDataTypeParameters>,,</ownDataTypeParameters>
</Attribute>
<Attribute name="effective_date" id="F3A8486E-A061-323E-1EFA-628C617586E5">
<createdBy>amnah</createdBy>
<createdTime>2015-11-10 06:25:56 UTC</createdTime>
<ownerDesignName>F15E7_logical</ownerDesignName>
<importedID>87AC45DD-0238-ADA0-C225-5CA8D4E5AACA</importedID>
<engineerTo>
<item key="AA1BE2B1-6B24-1960-2AEE-34787765A389" value="true"/>
</engineerTo>
<nullsAllowed>true</nullsAllowed>
<useDomainConstraints>false</useDomainConstraints>
<use>1</use>
<logicalDatatype>LOGDT007</logicalDatatype>
<ownDataTypeParameters>,,</ownDataTypeParameters>
</Attribute>
<Attribute name="task_abbreviation" id="617D88AF-5DFF-E36D-E7F0-A0A263662DE2">
<createdBy>amnah</createdBy>
<createdTime>2015-11-10 06:25:56 UTC</createdTime>
<ownerDesignName>F15E7_logical</ownerDesignName>
<importedID>521A0228-00E4-0251-EE0C-C61753C64730</importedID>
<engineerTo>
<item key="AA1BE2B1-6B24-1960-2AEE-34787765A389" value="true"/>
</engineerTo>
<nullsAllowed>true</nullsAllowed>
<useDomainConstraints>false</useDomainConstraints>
<use>1</use>
<logicalDatatype>LOGDT024</logicalDatatype>
<dataTypeSize>15</dataTypeSize>
<ownDataTypeParameters>15,,</ownDataTypeParameters>
</Attribute>
<Attribute name="task_description" id="28DF01CC-7301-4E95-96C6-F4867950E6C8">
<createdBy>amnah</createdBy>
<createdTime>2015-11-10 06:25:56 UTC</createdTime>
<ownerDesignName>F15E7_logical</ownerDesignName>
<importedID>EB26C221-1594-CECD-8348-9FA36B0D9113</importedID>
<engineerTo>
<item key="AA1BE2B1-6B24-1960-2AEE-34787765A389" value="true"/>
</engineerTo>
<nullsAllowed>true</nullsAllowed>
<useDomainConstraints>false</useDomainConstraints>
<use>1</use>
<logicalDatatype>LOGDT024</logicalDatatype>
<dataTypeSize>4000</dataTypeSize>
<ownDataTypeParameters>4000,,</ownDataTypeParameters>
</Attribute>
</attributes>
<identifiers itemClass="oracle.dbtools.crest.model.design.logical.CandidateKey">
<identifier id="E9D02A23-1DF3-86E6-0FDB-ADB1FEA3C531" name="F15E7_task PK">
<createdBy>amnah</createdBy>
<createdTime>2015-11-10 06:25:56 UTC</createdTime>
<ownerDesignName>F15E7_logical</ownerDesignName>
<engineerTo>
<item key="AA1BE2B1-6B24-1960-2AEE-34787765A389" value="true"/>
</engineerTo>
<pk>true</pk>
<usedAttributes>
<attributeRef>711DB658-13A4-AEE0-E112-8384BC622373</attributeRef>
</usedAttributes>
</identifier>
</identifiers>
</Entity>