<?xml version = '1.0' encoding = 'UTF-8'?>
<Entity class="oracle.dbtools.crest.model.design.logical.Entity" directorySegmentName="seg_0" id="69407809-89EB-EE80-4E6B-D3DF8EFDEECB" name="F15E7_contacts">
<createdBy>amnah</createdBy>
<createdTime>2015-11-10 06:19:34 UTC</createdTime>
<ownerDesignName>F15E7_logical</ownerDesignName>
<engineerTo>
<item key="AA1BE2B1-6B24-1960-2AEE-34787765A389" value="true"/>
</engineerTo>
<adequatelyNormalized>NO</adequatelyNormalized>
<expectedVolumes>0</expectedVolumes>
<fwdEngineeringStrategyName>Single Table</fwdEngineeringStrategyName>
<growthPercent>0</growthPercent>
<growthType>Year</growthType>
<maxVolumes>9999999</maxVolumes>
<minVolumes>0</minVolumes>
<normalForm>Third</normalForm>
<attributes itemClass="oracle.dbtools.crest.model.design.logical.Attribute">
<Attribute name="contact_id" id="D3407A41-F7DD-BC73-A8A3-1D6D833EB2F9">
<createdBy>amnah</createdBy>
<createdTime>2015-11-10 06:19:34 UTC</createdTime>
<ownerDesignName>F15E7_logical</ownerDesignName>
<importedID>2177F678-109F-7CB3-6C1D-5932C2564211</importedID>
<engineerTo>
<item key="AA1BE2B1-6B24-1960-2AEE-34787765A389" value="true"/>
</engineerTo>
<useDomainConstraints>false</useDomainConstraints>
<use>1</use>
<logicalDatatype>LOGDT011</logicalDatatype>
<ownDataTypeParameters>,,</ownDataTypeParameters>
</Attribute>
<Attribute name="contact_role_code" id="6A2BF30C-327E-E911-151F-900B4854FF82">
<createdBy>amnah</createdBy>
<createdTime>2015-11-10 06:19:34 UTC</createdTime>
<ownerDesignName>F15E7_logical</ownerDesignName>
<importedID>3FF4539B-46FC-E80B-7D33-3133B30AE3BA</importedID>
<engineerTo>
<item key="AA1BE2B1-6B24-1960-2AEE-34787765A389" value="true"/>
</engineerTo>
<nullsAllowed>true</nullsAllowed>
<useDomainConstraints>false</useDomainConstraints>
<use>1</use>
<logicalDatatype>LOGDT024</logicalDatatype>
<dataTypeSize>1</dataTypeSize>
<ownDataTypeParameters>1,,</ownDataTypeParameters>
</Attribute>
<Attribute name="contact_emp_id" id="1E18F83C-89A5-FB39-8C78-2E0A28CB8734">
<createdBy>amnah</createdBy>
<createdTime>2015-11-10 06:19:34 UTC</createdTime>
<ownerDesignName>F15E7_logical</ownerDesignName>
<importedID>D4A42C4D-594A-A964-9F3C-368493B4507F</importedID>
<engineerTo>
<item key="AA1BE2B1-6B24-1960-2AEE-34787765A389" value="true"/>
</engineerTo>
<nullsAllowed>true</nullsAllowed>
<useDomainConstraints>false</useDomainConstraints>
<use>1</use>
<logicalDatatype>LOGDT011</logicalDatatype>
<ownDataTypeParameters>,,</ownDataTypeParameters>
</Attribute>
<Attribute name="effective_date" id="199A8F12-7C58-D3C0-B8D6-4D45E6A925DB">
<createdBy>amnah</createdBy>
<createdTime>2015-11-10 06:19:34 UTC</createdTime>
<ownerDesignName>F15E7_logical</ownerDesignName>
<importedID>3480C266-65DA-DB97-E960-14775D6A8706</importedID>
<engineerTo>
<item key="AA1BE2B1-6B24-1960-2AEE-34787765A389" value="true"/>
</engineerTo>
<nullsAllowed>true</nullsAllowed>
<useDomainConstraints>false</useDomainConstraints>
<use>1</use>
<logicalDatatype>LOGDT007</logicalDatatype>
<ownDataTypeParameters>,,</ownDataTypeParameters>
</Attribute>
<Attribute name="comments" id="329355F0-19B8-D676-7ABF-F7FC2BB37E51">
<createdBy>amnah</createdBy>
<createdTime>2015-11-10 06:19:34 UTC</createdTime>
<ownerDesignName>F15E7_logical</ownerDesignName>
<importedID>33DF0D11-FCC7-5933-3485-AE8476BCCD07</importedID>
<engineerTo>
<item key="AA1BE2B1-6B24-1960-2AEE-34787765A389" value="true"/>
</engineerTo>
<nullsAllowed>true</nullsAllowed>
<useDomainConstraints>false</useDomainConstraints>
<use>1</use>
<logicalDatatype>LOGDT024</logicalDatatype>
<dataTypeSize>4000</dataTypeSize>
<ownDataTypeParameters>4000,,</ownDataTypeParameters>
</Attribute>
<Attribute name="rfe_id" id="6E094D32-B8AC-87D4-197F-AB4561090704">
<createdBy>amnah</createdBy>
<createdTime>2015-11-10 06:19:54 UTC</createdTime>
<generatorID>5A032F37-A235-6B74-8F7D-AFE5043C816C</generatorID>
<ownerDesignName>F15E7_logical</ownerDesignName>
<engineerTo>
<item key="AA1BE2B1-6B24-1960-2AEE-34787765A389" value="true"/>
</engineerTo>
<nullsAllowed>true</nullsAllowed>
<referedAttribute>EBFBD894-4199-98F0-17F2-B8D1B3CFDDA0</referedAttribute>
<useDomainConstraints>false</useDomainConstraints>
<use>1</use>
<logicalDatatype>LOGDT011</logicalDatatype>
<ownDataTypeParameters>,,</ownDataTypeParameters>
</Attribute>
<Attribute name="emp_id" id="386E6C3A-7CC0-2378-4861-51590B7E20FC">
<createdBy>amnah</createdBy>
<createdTime>2015-11-22 12:48:35 UTC</createdTime>
<generatorID>F8969AFA-DF6A-D70B-9A58-218E09CC7982</generatorID>
<ownerDesignName>F15E7_logical</ownerDesignName>
<engineerTo>
<item key="AA1BE2B1-6B24-1960-2AEE-34787765A389" value="true"/>
</engineerTo>
<nullsAllowed>true</nullsAllowed>
<referedAttribute>87AE88FE-D6B3-F612-ECF4-860FCD89D69B</referedAttribute>
<useDomainConstraints>false</useDomainConstraints>
<use>1</use>
<logicalDatatype>LOGDT011</logicalDatatype>
<ownDataTypeParameters>,,</ownDataTypeParameters>
</Attribute>
</attributes>
<identifiers itemClass="oracle.dbtools.crest.model.design.logical.CandidateKey">
<identifier id="C30AC451-15C6-E04B-1001-4798B28430F1" name="F15E7_contact PK">
<createdBy>amnah</createdBy>
<createdTime>2015-11-10 06:19:34 UTC</createdTime>
<ownerDesignName>F15E7_logical</ownerDesignName>
<engineerTo>
<item key="AA1BE2B1-6B24-1960-2AEE-34787765A389" value="true"/>
</engineerTo>
<pk>true</pk>
<usedAttributes>
<attributeRef>D3407A41-F7DD-BC73-A8A3-1D6D833EB2F9</attributeRef>
</usedAttributes>
</identifier>
</identifiers>
</Entity>