<?xml version = '1.0' encoding = 'UTF-8'?>
<Entity class="oracle.dbtools.crest.model.design.logical.Entity" directorySegmentName="seg_0" id="8841DB8A-181D-20D8-721C-F9818D2BAF67" name="F15E7_docs">
<createdBy>amnah</createdBy>
<createdTime>2015-11-10 06:21:03 UTC</createdTime>
<ownerDesignName>F15E7_logical</ownerDesignName>
<engineerTo>
<item key="AA1BE2B1-6B24-1960-2AEE-34787765A389" value="true"/>
</engineerTo>
<adequatelyNormalized>NO</adequatelyNormalized>
<expectedVolumes>0</expectedVolumes>
<fwdEngineeringStrategyName>Single Table</fwdEngineeringStrategyName>
<growthPercent>0</growthPercent>
<growthType>Year</growthType>
<maxVolumes>9999999</maxVolumes>
<minVolumes>0</minVolumes>
<normalForm>Third</normalForm>
<attributes itemClass="oracle.dbtools.crest.model.design.logical.Attribute">
<Attribute name="doc_id" id="EADE555C-86F0-EC4E-4595-3A3DC4875F85">
<createdBy>amnah</createdBy>
<createdTime>2015-11-10 06:21:03 UTC</createdTime>
<ownerDesignName>F15E7_logical</ownerDesignName>
<importedID>EACF5CE2-2C0A-AADD-2EFE-E0E3C88F7F83</importedID>
<engineerTo>
<item key="AA1BE2B1-6B24-1960-2AEE-34787765A389" value="true"/>
</engineerTo>
<useDomainConstraints>false</useDomainConstraints>
<use>1</use>
<logicalDatatype>LOGDT011</logicalDatatype>
<ownDataTypeParameters>,,</ownDataTypeParameters>
</Attribute>
<Attribute name="filename" id="9B6654AD-AACC-866E-E219-F5742B3C2517">
<createdBy>amnah</createdBy>
<createdTime>2015-11-10 06:21:03 UTC</createdTime>
<ownerDesignName>F15E7_logical</ownerDesignName>
<importedID>F0448296-C826-B41A-B237-FFDB6C0AEBD3</importedID>
<engineerTo>
<item key="AA1BE2B1-6B24-1960-2AEE-34787765A389" value="true"/>
</engineerTo>
<nullsAllowed>true</nullsAllowed>
<useDomainConstraints>false</useDomainConstraints>
<use>1</use>
<logicalDatatype>LOGDT024</logicalDatatype>
<dataTypeSize>4000</dataTypeSize>
<ownDataTypeParameters>4000,,</ownDataTypeParameters>
</Attribute>
<Attribute name="file_mimetype" id="DF792045-0FE2-4F7B-390F-9D2433505612">
<createdBy>amnah</createdBy>
<createdTime>2015-11-10 06:21:03 UTC</createdTime>
<ownerDesignName>F15E7_logical</ownerDesignName>
<importedID>0E652137-CA26-8D7C-077B-EA74605C1673</importedID>
<engineerTo>
<item key="AA1BE2B1-6B24-1960-2AEE-34787765A389" value="true"/>
</engineerTo>
<nullsAllowed>true</nullsAllowed>
<useDomainConstraints>false</useDomainConstraints>
<use>1</use>
<logicalDatatype>LOGDT024</logicalDatatype>
<dataTypeSize>512</dataTypeSize>
<ownDataTypeParameters>512,,</ownDataTypeParameters>
</Attribute>
<Attribute name="file_charset" id="D4FD737A-CA2E-C307-6E8D-3C835236309B">
<createdBy>amnah</createdBy>
<createdTime>2015-11-10 06:21:03 UTC</createdTime>
<ownerDesignName>F15E7_logical</ownerDesignName>
<importedID>4351EFC2-34B0-3D4B-763F-2BD64EA5DBD9</importedID>
<engineerTo>
<item key="AA1BE2B1-6B24-1960-2AEE-34787765A389" value="true"/>
</engineerTo>
<nullsAllowed>true</nullsAllowed>
<useDomainConstraints>false</useDomainConstraints>
<use>1</use>
<logicalDatatype>LOGDT024</logicalDatatype>
<dataTypeSize>512</dataTypeSize>
<ownDataTypeParameters>512,,</ownDataTypeParameters>
</Attribute>
<Attribute name="file_blob" id="5E2B10B9-D5BF-69BE-04D2-F77C546C3DA6">
<createdBy>amnah</createdBy>
<createdTime>2015-11-10 06:21:03 UTC</createdTime>
<ownerDesignName>F15E7_logical</ownerDesignName>
<importedID>32FBBB5B-E1A9-50A6-F1EE-7BE7D48B9356</importedID>
<engineerTo>
<item key="AA1BE2B1-6B24-1960-2AEE-34787765A389" value="true"/>
</engineerTo>
<nullsAllowed>true</nullsAllowed>
<useDomainConstraints>false</useDomainConstraints>
<use>1</use>
<logicalDatatype>LOGDT029</logicalDatatype>
<ownDataTypeParameters>,,</ownDataTypeParameters>
</Attribute>
<Attribute name="file_comments" id="115742A7-1E2B-801A-4DE9-12283E3802AA">
<createdBy>amnah</createdBy>
<createdTime>2015-11-10 06:21:03 UTC</createdTime>
<ownerDesignName>F15E7_logical</ownerDesignName>
<importedID>B0336F1A-80CA-4E12-2F98-0FF9C1A09B69</importedID>
<engineerTo>
<item key="AA1BE2B1-6B24-1960-2AEE-34787765A389" value="true"/>
</engineerTo>
<nullsAllowed>true</nullsAllowed>
<useDomainConstraints>false</useDomainConstraints>
<use>1</use>
<logicalDatatype>LOGDT024</logicalDatatype>
<dataTypeSize>4000</dataTypeSize>
<ownDataTypeParameters>4000,,</ownDataTypeParameters>
</Attribute>
<Attribute name="tags" id="67A9B284-72D4-0EBF-699E-3744C41167CD">
<createdBy>amnah</createdBy>
<createdTime>2015-11-10 06:21:03 UTC</createdTime>
<ownerDesignName>F15E7_logical</ownerDesignName>
<importedID>BB5360E7-4360-01CE-4149-17253631D9E7</importedID>
<engineerTo>
<item key="AA1BE2B1-6B24-1960-2AEE-34787765A389" value="true"/>
</engineerTo>
<nullsAllowed>true</nullsAllowed>
<useDomainConstraints>false</useDomainConstraints>
<use>1</use>
<logicalDatatype>LOGDT024</logicalDatatype>
<dataTypeSize>4000</dataTypeSize>
<ownDataTypeParameters>4000,,</ownDataTypeParameters>
</Attribute>
<Attribute name="rfe_id" id="371F2C93-4502-7A00-8039-DE5216F8AB92">
<createdBy>amnah</createdBy>
<createdTime>2015-11-10 06:21:09 UTC</createdTime>
<generatorID>FBE913B1-F031-7873-B32F-145E389B962B</generatorID>
<ownerDesignName>F15E7_logical</ownerDesignName>
<engineerTo>
<item key="AA1BE2B1-6B24-1960-2AEE-34787765A389" value="true"/>
</engineerTo>
<nullsAllowed>true</nullsAllowed>
<referedAttribute>EBFBD894-4199-98F0-17F2-B8D1B3CFDDA0</referedAttribute>
<useDomainConstraints>false</useDomainConstraints>
<use>1</use>
<logicalDatatype>LOGDT011</logicalDatatype>
<ownDataTypeParameters>,,</ownDataTypeParameters>
</Attribute>
</attributes>
<identifiers itemClass="oracle.dbtools.crest.model.design.logical.CandidateKey">
<identifier id="DD57FBEA-C924-7BAC-EB2E-36BE4D376028" name="F15E7_doc PK">
<createdBy>amnah</createdBy>
<createdTime>2015-11-10 06:21:03 UTC</createdTime>
<ownerDesignName>F15E7_logical</ownerDesignName>
<engineerTo>
<item key="AA1BE2B1-6B24-1960-2AEE-34787765A389" value="true"/>
</engineerTo>
<pk>true</pk>
<usedAttributes>
<attributeRef>EADE555C-86F0-EC4E-4595-3A3DC4875F85</attributeRef>
</usedAttributes>
</identifier>
</identifiers>
</Entity>