<?xml version = '1.0' encoding = 'UTF-8'?>
<Entity class="oracle.dbtools.crest.model.design.logical.Entity" directorySegmentName="seg_0" id="BA16A206-E206-EA62-C3F3-D7B71B299515" name="F15E7_empl">
<createdBy>amnah</createdBy>
<createdTime>2015-11-10 06:18:27 UTC</createdTime>
<ownerDesignName>F15E7_logical</ownerDesignName>
<engineerTo>
<item key="AA1BE2B1-6B24-1960-2AEE-34787765A389" value="true"/>
</engineerTo>
<adequatelyNormalized>NO</adequatelyNormalized>
<expectedVolumes>0</expectedVolumes>
<fwdEngineeringStrategyName>Single Table</fwdEngineeringStrategyName>
<growthPercent>0</growthPercent>
<growthType>Year</growthType>
<maxVolumes>9999999</maxVolumes>
<minVolumes>0</minVolumes>
<normalForm>Third</normalForm>
<attributes itemClass="oracle.dbtools.crest.model.design.logical.Attribute">
<Attribute name="emp_id" id="87AE88FE-D6B3-F612-ECF4-860FCD89D69B">
<createdBy>amnah</createdBy>
<createdTime>2015-11-10 06:18:27 UTC</createdTime>
<ownerDesignName>F15E7_logical</ownerDesignName>
<importedID>E0D78823-83E0-9DD3-F678-C035011E3BCB</importedID>
<engineerTo>
<item key="AA1BE2B1-6B24-1960-2AEE-34787765A389" value="true"/>
</engineerTo>
<useDomainConstraints>false</useDomainConstraints>
<use>1</use>
<logicalDatatype>LOGDT011</logicalDatatype>
<ownDataTypeParameters>,,</ownDataTypeParameters>
</Attribute>
<Attribute name="type" id="3F511EF1-43BD-58F2-7F05-CDB59E3B14D1">
<createdBy>amnah</createdBy>
<createdTime>2015-11-10 06:18:27 UTC</createdTime>
<ownerDesignName>F15E7_logical</ownerDesignName>
<importedID>EC6EF02F-9968-F482-53E1-C2C37F6210A8</importedID>
<engineerTo>
<item key="AA1BE2B1-6B24-1960-2AEE-34787765A389" value="true"/>
</engineerTo>
<nullsAllowed>true</nullsAllowed>
<useDomainConstraints>false</useDomainConstraints>
<use>1</use>
<logicalDatatype>LOGDT024</logicalDatatype>
<dataTypeSize>256</dataTypeSize>
<ownDataTypeParameters>256,,</ownDataTypeParameters>
</Attribute>
<Attribute name="chairperson_flag" id="472DD4F6-CF21-7F12-0F2A-12EE2FD852BF">
<createdBy>amnah</createdBy>
<createdTime>2015-11-10 06:18:27 UTC</createdTime>
<ownerDesignName>F15E7_logical</ownerDesignName>
<importedID>2030F07F-8347-3869-90B1-D8BDAB0F1A3C</importedID>
<engineerTo>
<item key="AA1BE2B1-6B24-1960-2AEE-34787765A389" value="true"/>
</engineerTo>
<nullsAllowed>true</nullsAllowed>
<useDomainConstraints>false</useDomainConstraints>
<use>1</use>
<logicalDatatype>LOGDT024</logicalDatatype>
<dataTypeSize>1</dataTypeSize>
<ownDataTypeParameters>1,,</ownDataTypeParameters>
</Attribute>
<Attribute name="exec_dir_flag" id="010D24A2-B6EC-85BF-E644-B43319568D05">
<createdBy>amnah</createdBy>
<createdTime>2015-11-10 06:18:27 UTC</createdTime>
<ownerDesignName>F15E7_logical</ownerDesignName>
<importedID>5DBAF135-351D-3C29-D2EA-29355F28BCFD</importedID>
<engineerTo>
<item key="AA1BE2B1-6B24-1960-2AEE-34787765A389" value="true"/>
</engineerTo>
<nullsAllowed>true</nullsAllowed>
<useDomainConstraints>false</useDomainConstraints>
<use>1</use>
<logicalDatatype>LOGDT024</logicalDatatype>
<dataTypeSize>1</dataTypeSize>
<ownDataTypeParameters>1,,</ownDataTypeParameters>
</Attribute>
<Attribute name="sys_admin_flag" id="9A4F354A-8B6D-6409-EC17-E59595AAAC5F">
<createdBy>amnah</createdBy>
<createdTime>2015-11-10 06:18:27 UTC</createdTime>
<ownerDesignName>F15E7_logical</ownerDesignName>
<importedID>F4BD3A88-E372-52CC-ABB9-42F811AD08B5</importedID>
<engineerTo>
<item key="AA1BE2B1-6B24-1960-2AEE-34787765A389" value="true"/>
</engineerTo>
<nullsAllowed>true</nullsAllowed>
<useDomainConstraints>false</useDomainConstraints>
<use>1</use>
<logicalDatatype>LOGDT024</logicalDatatype>
<dataTypeSize>1</dataTypeSize>
<ownDataTypeParameters>1,,</ownDataTypeParameters>
</Attribute>
<Attribute name="lab_dir_flag" id="7E779840-F558-E7B0-8BB5-60D7DFC96D58">
<createdBy>amnah</createdBy>
<createdTime>2015-11-10 06:18:27 UTC</createdTime>
<ownerDesignName>F15E7_logical</ownerDesignName>
<importedID>9B7B132F-890A-BA6F-0E4C-D293FD5AC399</importedID>
<engineerTo>
<item key="AA1BE2B1-6B24-1960-2AEE-34787765A389" value="true"/>
</engineerTo>
<nullsAllowed>true</nullsAllowed>
<useDomainConstraints>false</useDomainConstraints>
<use>1</use>
<logicalDatatype>LOGDT024</logicalDatatype>
<dataTypeSize>1</dataTypeSize>
<ownDataTypeParameters>1,,</ownDataTypeParameters>
</Attribute>
<Attribute name="active" id="C0AA5922-D610-4C21-39C0-DD1EB6A105A1">
<createdBy>amnah</createdBy>
<createdTime>2015-11-10 06:18:27 UTC</createdTime>
<ownerDesignName>F15E7_logical</ownerDesignName>
<importedID>70B7F2C3-CEFD-243B-4C0C-AD9E4634D45D</importedID>
<engineerTo>
<item key="AA1BE2B1-6B24-1960-2AEE-34787765A389" value="true"/>
</engineerTo>
<nullsAllowed>true</nullsAllowed>
<useDomainConstraints>false</useDomainConstraints>
<use>1</use>
<logicalDatatype>LOGDT006</logicalDatatype>
<dataTypeSize>1</dataTypeSize>
<ownDataTypeParameters>1,,</ownDataTypeParameters>
</Attribute>
<Attribute name="emp_name" id="A90EEDF6-B1DA-E788-671F-26C07A8F21EC">
<createdBy>amnah</createdBy>
<createdTime>2015-11-10 06:18:27 UTC</createdTime>
<ownerDesignName>F15E7_logical</ownerDesignName>
<importedID>8B2ADA1D-02DA-8416-A3BA-8D1082BA35BC</importedID>
<engineerTo>
<item key="AA1BE2B1-6B24-1960-2AEE-34787765A389" value="true"/>
</engineerTo>
<nullsAllowed>true</nullsAllowed>
<useDomainConstraints>false</useDomainConstraints>
<use>1</use>
<logicalDatatype>LOGDT024</logicalDatatype>
<dataTypeSize>30</dataTypeSize>
<ownDataTypeParameters>30,,</ownDataTypeParameters>
</Attribute>
<Attribute name="emp_email" id="14FC12D7-8AED-1943-E0EB-35728B2FFD43">
<createdBy>amnah</createdBy>
<createdTime>2015-11-10 06:18:27 UTC</createdTime>
<ownerDesignName>F15E7_logical</ownerDesignName>
<importedID>1528F485-349C-1EE2-7A3D-F66054437761</importedID>
<engineerTo>
<item key="AA1BE2B1-6B24-1960-2AEE-34787765A389" value="true"/>
</engineerTo>
<nullsAllowed>true</nullsAllowed>
<useDomainConstraints>false</useDomainConstraints>
<use>1</use>
<logicalDatatype>LOGDT024</logicalDatatype>
<dataTypeSize>50</dataTypeSize>
<ownDataTypeParameters>50,,</ownDataTypeParameters>
</Attribute>
<Attribute name="emp_office" id="10351BBA-656B-DE86-0AE9-DC32C3A717EE">
<createdBy>amnah</createdBy>
<createdTime>2015-11-10 06:18:27 UTC</createdTime>
<ownerDesignName>F15E7_logical</ownerDesignName>
<importedID>E94537E6-059F-E801-E11E-D5BA0B9A4983</importedID>
<engineerTo>
<item key="AA1BE2B1-6B24-1960-2AEE-34787765A389" value="true"/>
</engineerTo>
<nullsAllowed>true</nullsAllowed>
<useDomainConstraints>false</useDomainConstraints>
<use>1</use>
<logicalDatatype>LOGDT024</logicalDatatype>
<dataTypeSize>4</dataTypeSize>
<ownDataTypeParameters>4,,</ownDataTypeParameters>
</Attribute>
<Attribute name="emp_phone" id="96933A7E-9965-2581-FADF-E28E951CB079">
<createdBy>amnah</createdBy>
<createdTime>2015-11-10 06:18:27 UTC</createdTime>
<ownerDesignName>F15E7_logical</ownerDesignName>
<importedID>3B493D36-6B20-ED37-2EF2-EC1467EFF513</importedID>
<engineerTo>
<item key="AA1BE2B1-6B24-1960-2AEE-34787765A389" value="true"/>
</engineerTo>
<nullsAllowed>true</nullsAllowed>
<useDomainConstraints>false</useDomainConstraints>
<use>1</use>
<logicalDatatype>LOGDT024</logicalDatatype>
<dataTypeSize>10</dataTypeSize>
<ownDataTypeParameters>10,,</ownDataTypeParameters>
</Attribute>
<Attribute name="emp_status" id="4773FBE7-97D3-7275-2470-29C8F6C2E87C">
<createdBy>amnah</createdBy>
<createdTime>2015-11-10 06:18:27 UTC</createdTime>
<ownerDesignName>F15E7_logical</ownerDesignName>
<importedID>46BBCF29-EF6A-C0A7-2CE5-9D78C5A5D2B0</importedID>
<engineerTo>
<item key="AA1BE2B1-6B24-1960-2AEE-34787765A389" value="true"/>
</engineerTo>
<nullsAllowed>true</nullsAllowed>
<useDomainConstraints>false</useDomainConstraints>
<use>1</use>
<logicalDatatype>LOGDT024</logicalDatatype>
<dataTypeSize>1</dataTypeSize>
<ownDataTypeParameters>1,,</ownDataTypeParameters>
</Attribute>
<Attribute name="status_eff_date" id="EA08427E-D71C-D3D3-7C86-9143DFFEEF5C">
<createdBy>amnah</createdBy>
<createdTime>2015-11-10 06:18:27 UTC</createdTime>
<ownerDesignName>F15E7_logical</ownerDesignName>
<importedID>2B39487B-B0F1-B0B1-BDB6-69A790D84002</importedID>
<engineerTo>
<item key="AA1BE2B1-6B24-1960-2AEE-34787765A389" value="true"/>
</engineerTo>
<nullsAllowed>true</nullsAllowed>
<useDomainConstraints>false</useDomainConstraints>
<use>1</use>
<logicalDatatype>LOGDT007</logicalDatatype>
<ownDataTypeParameters>,,</ownDataTypeParameters>
</Attribute>
<Attribute name="lab_id" id="B88454B2-08F2-AA3A-2603-72D28D966C87">
<createdBy>amnah</createdBy>
<createdTime>2015-11-10 06:18:27 UTC</createdTime>
<generatorID>E6A04DFC-2102-6679-AFD9-C746A37EA1D0</generatorID>
<ownerDesignName>F15E7_logical</ownerDesignName>
<importedID>F2972045-0931-03AE-D52F-D2D9602985F0</importedID>
<engineerTo>
<item key="AA1BE2B1-6B24-1960-2AEE-34787765A389" value="true"/>
</engineerTo>
<nullsAllowed>true</nullsAllowed>
<referedAttribute>67B5D424-72EE-9066-26B9-4B767F553E59</referedAttribute>
<useDomainConstraints>false</useDomainConstraints>
<use>1</use>
<logicalDatatype>LOGDT011</logicalDatatype>
<ownDataTypeParameters>,,</ownDataTypeParameters>
</Attribute>
<Attribute name="auth_id" id="7B6E0B81-5B7E-990B-5C16-E09ED3A025EE">
<createdBy>amnah</createdBy>
<createdTime>2015-11-10 06:20:48 UTC</createdTime>
<generatorID>BBFFD3C6-AF51-E21B-6D6C-52BEFD3399A9</generatorID>
<ownerDesignName>F15E7_logical</ownerDesignName>
<engineerTo>
<item key="AA1BE2B1-6B24-1960-2AEE-34787765A389" value="true"/>
</engineerTo>
<nullsAllowed>true</nullsAllowed>
<referedAttribute>73937E68-EDFE-14B2-AF56-018E13CD88EF</referedAttribute>
<useDomainConstraints>false</useDomainConstraints>
<use>1</use>
<logicalDatatype>LOGDT011</logicalDatatype>
<ownDataTypeParameters>,,</ownDataTypeParameters>
</Attribute>
</attributes>
<identifiers itemClass="oracle.dbtools.crest.model.design.logical.CandidateKey">
<identifier id="6811B3B6-EE72-43CA-1E79-9AAE7A4A60F3" name="F15E7_emp PK">
<createdBy>amnah</createdBy>
<createdTime>2015-11-10 06:18:27 UTC</createdTime>
<ownerDesignName>F15E7_logical</ownerDesignName>
<engineerTo>
<item key="AA1BE2B1-6B24-1960-2AEE-34787765A389" value="true"/>
</engineerTo>
<pk>true</pk>
<usedAttributes>
<attributeRef>87AE88FE-D6B3-F612-ECF4-860FCD89D69B</attributeRef>
</usedAttributes>
</identifier>
</identifiers>
</Entity>