<?xml version = '1.0' encoding = 'UTF-8'?>
<Entity class="oracle.dbtools.crest.model.design.logical.Entity" directorySegmentName="seg_0" id="CEB2295F-0746-C855-F18B-A6E3BB2B0A7E" name="F15E7_approvers">
<createdBy>amnah</createdBy>
<createdTime>2015-11-10 06:18:27 UTC</createdTime>
<ownerDesignName>F15E7_logical</ownerDesignName>
<engineerTo>
<item key="AA1BE2B1-6B24-1960-2AEE-34787765A389" value="true"/>
</engineerTo>
<adequatelyNormalized>NO</adequatelyNormalized>
<expectedVolumes>0</expectedVolumes>
<fwdEngineeringStrategyName>Single Table</fwdEngineeringStrategyName>
<growthPercent>0</growthPercent>
<growthType>Year</growthType>
<maxVolumes>9999999</maxVolumes>
<minVolumes>0</minVolumes>
<normalForm>Third</normalForm>
<attributes itemClass="oracle.dbtools.crest.model.design.logical.Attribute">
<Attribute name="approver_id" id="97FFDA85-B409-CB35-9C4A-B81731F0D173">
<createdBy>amnah</createdBy>
<createdTime>2015-11-10 06:18:27 UTC</createdTime>
<ownerDesignName>F15E7_logical</ownerDesignName>
<importedID>46F34BDC-98FB-75B2-4B65-8CFD9B1736FE</importedID>
<engineerTo>
<item key="AA1BE2B1-6B24-1960-2AEE-34787765A389" value="true"/>
</engineerTo>
<useDomainConstraints>false</useDomainConstraints>
<use>1</use>
<logicalDatatype>LOGDT011</logicalDatatype>
<ownDataTypeParameters>,,</ownDataTypeParameters>
</Attribute>
<Attribute name="approved_date" id="CBC4D4AC-34B2-CCAE-7DF1-F3A992250AF5">
<createdBy>amnah</createdBy>
<createdTime>2015-11-10 06:18:27 UTC</createdTime>
<ownerDesignName>F15E7_logical</ownerDesignName>
<importedID>7808F952-FADA-C36D-84A5-F831ACBA2F4C</importedID>
<engineerTo>
<item key="AA1BE2B1-6B24-1960-2AEE-34787765A389" value="true"/>
</engineerTo>
<nullsAllowed>true</nullsAllowed>
<useDomainConstraints>false</useDomainConstraints>
<use>1</use>
<logicalDatatype>LOGDT007</logicalDatatype>
<ownDataTypeParameters>,,</ownDataTypeParameters>
</Attribute>
<Attribute name="entered_by_emp_id" id="8A816A2B-29A5-A76F-4026-F8D54CF8AE74">
<createdBy>amnah</createdBy>
<createdTime>2015-11-10 06:18:27 UTC</createdTime>
<ownerDesignName>F15E7_logical</ownerDesignName>
<importedID>2FD55A73-1781-7464-2295-D74923A895F6</importedID>
<engineerTo>
<item key="AA1BE2B1-6B24-1960-2AEE-34787765A389" value="true"/>
</engineerTo>
<nullsAllowed>true</nullsAllowed>
<useDomainConstraints>false</useDomainConstraints>
<use>1</use>
<logicalDatatype>LOGDT011</logicalDatatype>
<ownDataTypeParameters>,,</ownDataTypeParameters>
</Attribute>
<Attribute name="comments" id="7FA43EB4-BEF3-CB3A-024B-26AFA37A8DAB">
<createdBy>amnah</createdBy>
<createdTime>2015-11-10 06:18:27 UTC</createdTime>
<ownerDesignName>F15E7_logical</ownerDesignName>
<importedID>EB038D98-17D3-8381-77C4-E7B9236648B6</importedID>
<engineerTo>
<item key="AA1BE2B1-6B24-1960-2AEE-34787765A389" value="true"/>
</engineerTo>
<nullsAllowed>true</nullsAllowed>
<useDomainConstraints>false</useDomainConstraints>
<use>1</use>
<logicalDatatype>LOGDT024</logicalDatatype>
<dataTypeSize>4000</dataTypeSize>
<ownDataTypeParameters>4000,,</ownDataTypeParameters>
</Attribute>
<Attribute name="rfe_id" id="F3CA79DB-5AC6-5558-0B34-7AC88BEE2EA8">
<createdBy>amnah</createdBy>
<createdTime>2015-11-10 06:18:27 UTC</createdTime>
<generatorID>99B08D25-6291-AFCC-B9C9-AE740CD58203</generatorID>
<ownerDesignName>F15E7_logical</ownerDesignName>
<importedID>58AE1C7B-BC78-5E62-36DD-6E89431B8802</importedID>
<engineerTo>
<item key="AA1BE2B1-6B24-1960-2AEE-34787765A389" value="true"/>
</engineerTo>
<nullsAllowed>true</nullsAllowed>
<referedAttribute>EBFBD894-4199-98F0-17F2-B8D1B3CFDDA0</referedAttribute>
<useDomainConstraints>false</useDomainConstraints>
<use>1</use>
<logicalDatatype>LOGDT011</logicalDatatype>
<ownDataTypeParameters>,,</ownDataTypeParameters>
</Attribute>
<Attribute name="emp_id" id="058BEE07-00C3-A3BC-B637-ED53F363807B">
<createdBy>amnah</createdBy>
<createdTime>2015-11-22 12:48:35 UTC</createdTime>
<generatorID>D1D922AC-FEB6-21D4-5667-F2FD3ED7A757</generatorID>
<ownerDesignName>F15E7_logical</ownerDesignName>
<engineerTo>
<item key="AA1BE2B1-6B24-1960-2AEE-34787765A389" value="true"/>
</engineerTo>
<nullsAllowed>true</nullsAllowed>
<referedAttribute>87AE88FE-D6B3-F612-ECF4-860FCD89D69B</referedAttribute>
<useDomainConstraints>false</useDomainConstraints>
<use>1</use>
<logicalDatatype>LOGDT011</logicalDatatype>
<ownDataTypeParameters>,,</ownDataTypeParameters>
</Attribute>
</attributes>
<identifiers itemClass="oracle.dbtools.crest.model.design.logical.CandidateKey">
<identifier id="E5B5652E-E8C3-0EB2-3A9C-B3F16A1982E5" name="F15E7_approver PK">
<createdBy>amnah</createdBy>
<createdTime>2015-11-10 06:18:27 UTC</createdTime>
<ownerDesignName>F15E7_logical</ownerDesignName>
<engineerTo>
<item key="AA1BE2B1-6B24-1960-2AEE-34787765A389" value="true"/>
</engineerTo>
<pk>true</pk>
<usedAttributes>
<attributeRef>97FFDA85-B409-CB35-9C4A-B81731F0D173</attributeRef>
</usedAttributes>
</identifier>
</identifiers>
</Entity>