<?xml version = '1.0' encoding = 'UTF-8'?>
<Entity class="oracle.dbtools.crest.model.design.logical.Entity" directorySegmentName="seg_0" id="E296782D-33D4-2AB5-1033-EB7A3A4AC1A7" name="F15E7_authr">
<createdBy>amnah</createdBy>
<createdTime>2015-11-10 06:20:30 UTC</createdTime>
<ownerDesignName>F15E7_logical</ownerDesignName>
<engineerTo>
<item key="AA1BE2B1-6B24-1960-2AEE-34787765A389" value="true"/>
</engineerTo>
<adequatelyNormalized>NO</adequatelyNormalized>
<expectedVolumes>0</expectedVolumes>
<fwdEngineeringStrategyName>Single Table</fwdEngineeringStrategyName>
<growthPercent>0</growthPercent>
<growthType>Year</growthType>
<maxVolumes>9999999</maxVolumes>
<minVolumes>0</minVolumes>
<normalForm>Third</normalForm>
<attributes itemClass="oracle.dbtools.crest.model.design.logical.Attribute">
<Attribute name="auth_id" id="73937E68-EDFE-14B2-AF56-018E13CD88EF">
<createdBy>amnah</createdBy>
<createdTime>2015-11-10 06:20:30 UTC</createdTime>
<ownerDesignName>F15E7_logical</ownerDesignName>
<importedID>1A67F659-E6A0-09E8-871F-7DEB8A306F31</importedID>
<engineerTo>
<item key="AA1BE2B1-6B24-1960-2AEE-34787765A389" value="true"/>
</engineerTo>
<useDomainConstraints>false</useDomainConstraints>
<use>1</use>
<logicalDatatype>LOGDT011</logicalDatatype>
<ownDataTypeParameters>,,</ownDataTypeParameters>
</Attribute>
<Attribute name="right" id="631DD6EC-1294-296C-8665-B0A9877AF993">
<createdBy>amnah</createdBy>
<createdTime>2015-11-10 06:20:30 UTC</createdTime>
<ownerDesignName>F15E7_logical</ownerDesignName>
<importedID>BACB530C-98E9-F38A-4906-20CEF32065AD</importedID>
<engineerTo>
<item key="AA1BE2B1-6B24-1960-2AEE-34787765A389" value="true"/>
</engineerTo>
<nullsAllowed>true</nullsAllowed>
<useDomainConstraints>false</useDomainConstraints>
<use>1</use>
<logicalDatatype>LOGDT024</logicalDatatype>
<dataTypeSize>10</dataTypeSize>
<ownDataTypeParameters>10,,</ownDataTypeParameters>
</Attribute>
<Attribute name="emp_id" id="C5FF13B6-8257-7C66-A126-1B2D03029CEB">
<createdBy>amnah</createdBy>
<createdTime>2015-11-22 12:48:35 UTC</createdTime>
<generatorID>BBFFD3C6-AF51-E21B-6D6C-52BEFD3399A9</generatorID>
<ownerDesignName>F15E7_logical</ownerDesignName>
<engineerTo>
<item key="AA1BE2B1-6B24-1960-2AEE-34787765A389" value="true"/>
</engineerTo>
<nullsAllowed>true</nullsAllowed>
<referedAttribute>87AE88FE-D6B3-F612-ECF4-860FCD89D69B</referedAttribute>
<useDomainConstraints>false</useDomainConstraints>
<use>1</use>
<logicalDatatype>LOGDT011</logicalDatatype>
<ownDataTypeParameters>,,</ownDataTypeParameters>
</Attribute>
</attributes>
<identifiers itemClass="oracle.dbtools.crest.model.design.logical.CandidateKey">
<identifier id="2E106A64-A14D-D395-2C47-6EFB2F3466E5" name="F15E7_auth PK">
<createdBy>amnah</createdBy>
<createdTime>2015-11-10 06:20:30 UTC</createdTime>
<ownerDesignName>F15E7_logical</ownerDesignName>
<engineerTo>
<item key="AA1BE2B1-6B24-1960-2AEE-34787765A389" value="true"/>
</engineerTo>
<pk>true</pk>
<usedAttributes>
<attributeRef>73937E68-EDFE-14B2-AF56-018E13CD88EF</attributeRef>
</usedAttributes>
</identifier>
</identifiers>
</Entity>