<?xml version = '1.0' encoding = 'UTF-8'?>
<Relation class="oracle.dbtools.crest.model.design.logical.Relation" name="R7" directorySegmentName="seg_0" id="0020626A-C568-47BA-14D9-D7D8813F84D0">
<createdBy>amnah</createdBy>
<createdTime>2015-11-02 22:30:05 UTC</createdTime>
<ownerDesignName>F15E7modified</ownerDesignName>
<engineerTo>
<item key="62EF0BD6-EC16-39EC-7541-1883BBDC001F" value="true"/>
</engineerTo>
<sourcePk>64B8BBA3-D8DF-6D6D-9EF2-48368C16369B</sourcePk>
<identifying>false</identifying>
<optionalSource>true</optionalSource>
<optionalTarget>true</optionalTarget>
<sourceCardinality>1</sourceCardinality>
<sourceEntity>4926D5C8-0FDE-A192-2B51-729CE5BB61C3</sourceEntity>
<targetCardinalityString>*</targetCardinalityString>
<targetEntity>EE2DA359-6F5E-C847-B266-C12BE49E86BC</targetEntity>
<transferable>true</transferable>
<deleteRule>NO ACTION</deleteRule>
</Relation>