<?xml version = '1.0' encoding = 'UTF-8'?>
<Relation class="oracle.dbtools.crest.model.design.logical.Relation" name="R2" directorySegmentName="seg_0" id="92ED352B-978C-98FA-8020-AFCF4752C1CB">
<createdBy>amnah</createdBy>
<createdTime>2015-11-02 22:21:08 UTC</createdTime>
<ownerDesignName>F15E7modified</ownerDesignName>
<engineerTo>
<item key="62EF0BD6-EC16-39EC-7541-1883BBDC001F" value="true"/>
</engineerTo>
<sourcePk>E5B17959-DEC5-61B6-2294-9CF6C83DB00E</sourcePk>
<identifying>false</identifying>
<optionalSource>true</optionalSource>
<optionalTarget>true</optionalTarget>
<sourceCardinality>1</sourceCardinality>
<sourceEntity>307C2D3C-7D4F-6282-9B08-A7228DAB2F93</sourceEntity>
<targetCardinalityString>*</targetCardinalityString>
<targetEntity>44503FD7-E448-1720-B351-C45E2F38AA3D</targetEntity>
<transferable>true</transferable>
<deleteRule>NO ACTION</deleteRule>
</Relation>