<?xml version = '1.0' encoding = 'UTF-8'?>
<Relation class="oracle.dbtools.crest.model.design.logical.Relation" name="R6" directorySegmentName="seg_0" id="A4A257F4-83AE-1D6D-2B67-E8C8CBD0EB79">
<createdBy>amnah</createdBy>
<createdTime>2015-11-02 22:25:07 UTC</createdTime>
<ownerDesignName>F15E7modified</ownerDesignName>
<engineerTo>
<item key="62EF0BD6-EC16-39EC-7541-1883BBDC001F" value="true"/>
</engineerTo>
<identifying>false</identifying>
<optionalSource>true</optionalSource>
<optionalTarget>true</optionalTarget>
<sourceCardinality>*</sourceCardinality>
<sourceEntity>44503FD7-E448-1720-B351-C45E2F38AA3D</sourceEntity>
<targetCardinalityString>*</targetCardinalityString>
<targetEntity>EE2DA359-6F5E-C847-B266-C12BE49E86BC</targetEntity>
<transferable>true</transferable>
<deleteRule>NO ACTION</deleteRule>
<attributes itemClass="oracle.dbtools.crest.model.design.logical.Attribute">
<attribute name="contacts/reviewer" id="EFD55DD8-BC28-7AB1-B621-D41EC72A9D8E">
<createdBy>amnah</createdBy>
<createdTime>2015-11-02 22:26:52 UTC</createdTime>
<ownerDesignName>F15E7modified</ownerDesignName>
<engineerTo>
<item key="62EF0BD6-EC16-39EC-7541-1883BBDC001F" value="true"/>
</engineerTo>
<nullsAllowed>true</nullsAllowed>
<use>0</use>
<ownDataTypeParameters>,,</ownDataTypeParameters>
</attribute>
</attributes>
</Relation>