<?xml version = '1.0' encoding = 'UTF-8'?>
<Relation class="oracle.dbtools.crest.model.design.logical.Relation" name="R1" directorySegmentName="seg_0" id="B7EA9B07-CF6B-8E3C-7A8B-A4D22D60F87B">
<createdBy>amnah</createdBy>
<createdTime>2015-11-02 22:15:54 UTC</createdTime>
<ownerDesignName>F15E7modified</ownerDesignName>
<engineerTo>
<item key="62EF0BD6-EC16-39EC-7541-1883BBDC001F" value="true"/>
</engineerTo>
<sourcePk>C939D693-ECC0-C391-8D1F-07DC971BD312</sourcePk>
<targetPk>D0981772-0C24-1C4C-143C-857A0750512D</targetPk>
<identifying>false</identifying>
<optionalSource>true</optionalSource>
<optionalTarget>true</optionalTarget>
<sourceCardinality>1</sourceCardinality>
<sourceEntity>44503FD7-E448-1720-B351-C45E2F38AA3D</sourceEntity>
<targetCardinalityString>1</targetCardinalityString>
<targetEntity>4FA7A0F8-AA00-D06D-3355-5FA1A6F3CEB1</targetEntity>
<transferable>true</transferable>
<deleteRule>NO ACTION</deleteRule>
</Relation>