<?xml version = '1.0' encoding = 'UTF-8'?>
<Relation class="oracle.dbtools.crest.model.design.logical.Relation" name="R12" directorySegmentName="seg_0" id="D699FBF0-D511-3A30-8F29-6EB3C98D6BBA">
<createdBy>amnah</createdBy>
<createdTime>2015-11-02 22:41:58 UTC</createdTime>
<ownerDesignName>F15E7modified</ownerDesignName>
<engineerTo>
<item key="62EF0BD6-EC16-39EC-7541-1883BBDC001F" value="true"/>
</engineerTo>
<sourcePk>C939D693-ECC0-C391-8D1F-07DC971BD312</sourcePk>
<identifying>false</identifying>
<optionalSource>true</optionalSource>
<optionalTarget>true</optionalTarget>
<sourceCardinality>1</sourceCardinality>
<sourceEntity>44503FD7-E448-1720-B351-C45E2F38AA3D</sourceEntity>
<targetCardinalityString>*</targetCardinalityString>
<targetEntity>928D5565-C76C-8A1D-84E3-719A7A1619F6</targetEntity>
<transferable>true</transferable>
<deleteRule>NO ACTION</deleteRule>
</Relation>