<?xml version = '1.0' encoding = 'UTF-8'?>
<Relation class="oracle.dbtools.crest.model.design.logical.Relation" name="R8" directorySegmentName="seg_0" id="D8C7BB5C-20D5-5713-29F4-0C0669B9058D">
<createdBy>amnah</createdBy>
<createdTime>2015-11-02 22:32:21 UTC</createdTime>
<ownerDesignName>F15E7modified</ownerDesignName>
<engineerTo>
<item key="62EF0BD6-EC16-39EC-7541-1883BBDC001F" value="true"/>
</engineerTo>
<sourcePk>1E326813-9336-F875-7CD7-94AC12FAC3A4</sourcePk>
<identifying>false</identifying>
<optionalSource>true</optionalSource>
<optionalTarget>true</optionalTarget>
<sourceCardinality>1</sourceCardinality>
<sourceEntity>EE2DA359-6F5E-C847-B266-C12BE49E86BC</sourceEntity>
<targetCardinalityString>*</targetCardinalityString>
<targetEntity>A72CDFEC-347E-B8F9-74A3-036FE16DEEEC</targetEntity>
<transferable>true</transferable>
<deleteRule>NO ACTION</deleteRule>
</Relation>