<?xml version = '1.0' encoding = 'UTF-8'?>
<Relation class="oracle.dbtools.crest.model.design.logical.Relation" name="R9" directorySegmentName="seg_0" id="DB269342-8C89-AC55-13F8-0CE332945526">
<createdBy>amnah</createdBy>
<createdTime>2015-11-02 22:34:16 UTC</createdTime>
<ownerDesignName>F15E7modified</ownerDesignName>
<engineerTo>
<item key="62EF0BD6-EC16-39EC-7541-1883BBDC001F" value="true"/>
</engineerTo>
<sourcePk>A96993F1-5B99-4CE2-DF00-CDF518836E4A</sourcePk>
<identifying>false</identifying>
<optionalSource>true</optionalSource>
<optionalTarget>true</optionalTarget>
<sourceCardinality>1</sourceCardinality>
<sourceEntity>53AD789B-85F7-B1DA-CEAA-C5A98FEF0ED2</sourceEntity>
<targetCardinalityString>*</targetCardinalityString>
<targetEntity>EE2DA359-6F5E-C847-B266-C12BE49E86BC</targetEntity>
<transferable>true</transferable>
<deleteRule>NO ACTION</deleteRule>
</Relation>