<?xml version = '1.0' encoding = 'UTF-8'?>
<Relation class="oracle.dbtools.crest.model.design.logical.Relation" name="R4" directorySegmentName="seg_0" id="F5142C66-D3EC-EFDF-32C5-73C74F656CDA">
<createdBy>amnah</createdBy>
<createdTime>2015-11-02 22:24:16 UTC</createdTime>
<ownerDesignName>F15E7modified</ownerDesignName>
<engineerTo>
<item key="62EF0BD6-EC16-39EC-7541-1883BBDC001F" value="true"/>
</engineerTo>
<sourcePk>C939D693-ECC0-C391-8D1F-07DC971BD312</sourcePk>
<identifying>false</identifying>
<optionalSource>true</optionalSource>
<optionalTarget>true</optionalTarget>
<sourceCardinality>1</sourceCardinality>
<sourceEntity>44503FD7-E448-1720-B351-C45E2F38AA3D</sourceEntity>
<targetCardinalityString>*</targetCardinalityString>
<targetEntity>EE2DA359-6F5E-C847-B266-C12BE49E86BC</targetEntity>
<transferable>true</transferable>
<deleteRule>NO ACTION</deleteRule>
<attributes itemClass="oracle.dbtools.crest.model.design.logical.Attribute">
<attribute name="requestor" id="47D2813F-723D-AC97-AC8D-2B27A59BD882">
<createdBy>amnah</createdBy>
<createdTime>2015-11-02 22:26:33 UTC</createdTime>
<ownerDesignName>F15E7modified</ownerDesignName>
<engineerTo>
<item key="62EF0BD6-EC16-39EC-7541-1883BBDC001F" value="true"/>
</engineerTo>
<nullsAllowed>true</nullsAllowed>
<use>0</use>
<ownDataTypeParameters>,,</ownDataTypeParameters>
</attribute>
</attributes>
</Relation>