<?xml version = '1.0' encoding = 'UTF-8'?>
<Relation class="oracle.dbtools.crest.model.design.logical.Relation" name="R11" directorySegmentName="seg_0" id="FB1958B8-4831-20DF-83F0-0CEBC0775F74">
<createdBy>amnah</createdBy>
<createdTime>2015-11-02 22:37:04 UTC</createdTime>
<ownerDesignName>F15E7modified</ownerDesignName>
<engineerTo>
<item key="62EF0BD6-EC16-39EC-7541-1883BBDC001F" value="true"/>
</engineerTo>
<sourcePk>1E326813-9336-F875-7CD7-94AC12FAC3A4</sourcePk>
<identifying>false</identifying>
<optionalSource>true</optionalSource>
<optionalTarget>true</optionalTarget>
<sourceCardinality>1</sourceCardinality>
<sourceEntity>EE2DA359-6F5E-C847-B266-C12BE49E86BC</sourceEntity>
<targetCardinalityString>*</targetCardinalityString>
<targetEntity>928D5565-C76C-8A1D-84E3-719A7A1619F6</targetEntity>
<transferable>true</transferable>
<deleteRule>NO ACTION</deleteRule>
</Relation>